Workbook

Sheet Инструкция
A1: Проверка реестра подключаемых юридических лиц
A2: Учебный проект в Excel. Автор: Белорусцев Матвей Дмитриевич
A4: Задача
A5: Цель | B5: Смоделировать рабочую задачу аналитика по внедрению продукта: проверить данные о подключаемых организациях, найти ошибки, подготовить обратную связь для клиентов и итоговый реестр для передачи.
A6: Результат | B6: 400 организаций проверяются автоматически по 7 группам правил. Ошибки подсвечиваются, собираются в отдельный список с готовым текстом сообщения клиенту, а корректные записи попадают в финальный реестр.
A8: Листы файла
A9: Сводная | B9: Ключевые показатели, ошибки по типам (с диаграммой), результаты по регионам. Сводка построена формулами СЧЁТЕСЛИ / СЧЁТЕСЛИМН / СУММПРОИЗВ и содержит контрольные суммы.
A10: Реестр | B10: Исходные данные (синий шрифт, столбцы B–I) и проверки (коричневые заголовки). Красная заливка в ячейке данных означает найденную ошибку. Фильтры включены.
A11: Ошибки | B11: Автоматический список проблемных записей: описание ошибок и готовый текст сообщения клиенту.
A12: Финальный реестр | B12: Только записи со статусом «Готово к передаче».
A13: Справочники | B13: Коды регионов для функции ВПР.
A15: Что проверяется
A16: ИНН | B16: Не пустой; 10 цифр (юридическое лицо); только цифры; контрольная цифра по алгоритму ФНС (веса 2, 4, 10, 3, 5, 9, 4, 6, 8; остаток от деления на 11, затем на 10).
A17: ОГРН | B17: Не пустой; 13 цифр; только цифры; контрольная цифра = остаток от деления первых 12 цифр на 11 (если 10, то 0).
A18: КПП | B18: Не пустой; 9 знаков; формат; первые две цифры (регион) совпадают с ИНН.
A19: Дубликат ИНН | B19: ИНН не должен повторяться в реестре (СЧЁТЕСЛИ).
A20: Email | B20: Один символ @, точка после @, нет пробелов, не начинается с @ и не заканчивается точкой (упрощённая проверка).
A21: Телефон | B21: После удаления пробелов, дефисов, скобок и плюса остаётся 11 цифр, начинается с 7 или 8.
A22: Обязательные поля | B22: Заполнены наименование, адрес и контактное лицо.
A24: Как использовать со своими данными
A25: Шаги | B25: 1) Вставьте свои данные в столбцы B–I листа «Реестр», строки 2–401 (ИНН, ОГРН, КПП и телефон — как текст, чтобы не потерять ведущие нули). 2) Все проверки, сводка, список ошибок и финальный реестр пересчитаются сами. 3) Если записей больше 400, протяните формулы вниз и расширьте диапазоны.
A26: Реальная проверка | B26: Файл проверяет формат и контрольные цифры. Существование организации и актуальность реквизитов в работе нужно сверять по публичным государственным ресурсам (например, ЕГРЮЛ на сайте ФНС).
A28: Допущения
A29: Данные | B29: Все организации, ИНН, ОГРН, КПП, адреса, контакты, телефоны и email вымышлены и сгенерированы программой. Контрольные цифры подобраны по алгоритму, поэтому совпадения с реальными организациями случайны. Ошибки внесены намеренно (около трети записей). Email-адреса используют зарезервированный домен .example.
A30: Регион | B30: Регион определяется по первым двум цифрам ИНН через ВПР. В справочнике 15 регионов — это учебное допущение, не полный список.

Sheet Сводная
A1: Сводка по проверке реестра подключаемых организаций
A2: Все числа считаются формулами по листу «Реестр» и пересчитываются при изменении данных.
A3: Показатель | B3: Значение
A4: Всего организаций в реестре | B4: =COUNT(Реестр!A2:A401) -> 400
A5: Готово к передаче | B5: =COUNTIF(Реестр!S2:S401,"Готово к передаче") -> 282
A6: Требуют исправления | B6: =COUNTIF(Реестр!S2:S401,"Требует исправления") -> 118
A7: Доля готовых записей | B7: =IF(B4=0,0,B5/B4) -> 0.705
A8: Всего найдено ошибок | B8: =SUM(Реестр!R2:R401) -> 138
A9: В среднем ошибок на проблемную запись | B9: =IF(B6=0,0,B8/B6) -> 1.1694915
A11: Ошибки по типам
A12: Тип ошибки | B12: Записей с ошибкой | C12: Доля от всех записей
A13: ИНН (пустой, длина, символы, контрольная цифра) | B13: =SUMPRODUCT(--(LEN(Реестр!K2:K401)>0)) -> 32 | C13: =IF($B$4=0,0,B13/$B$4) -> 0.08
A14: ОГРН (пустой, длина, символы, контрольная цифра) | B14: =SUMPRODUCT(--(LEN(Реестр!L2:L401)>0)) -> 16 | C14: =IF($B$4=0,0,B14/$B$4) -> 0.04
A15: КПП (пустой, формат, регион не совпадает с ИНН) | B15: =SUMPRODUCT(--(LEN(Реестр!M2:M401)>0)) -> 24 | C15: =IF($B$4=0,0,B15/$B$4) -> 0.06
A16: Дубликат ИНН | B16: =SUMPRODUCT(--(LEN(Реестр!N2:N401)>0)) -> 24 | C16: =IF($B$4=0,0,B16/$B$4) -> 0.06
A17: Email | B17: =SUMPRODUCT(--(LEN(Реестр!O2:O401)>0)) -> 15 | C17: =IF($B$4=0,0,B17/$B$4) -> 0.0375
A18: Телефон | B18: =SUMPRODUCT(--(LEN(Реестр!P2:P401)>0)) -> 14 | C18: =IF($B$4=0,0,B18/$B$4) -> 0.035
A19: Обязательные поля (наименование, адрес, контакт) | B19: =SUMPRODUCT(--(LEN(Реестр!Q2:Q401)>0)) -> 13 | C19: =IF($B$4=0,0,B19/$B$4) -> 0.0325
A20: Итого ошибок (должно совпасть с «Всего найдено ошибок») | B20: =SUM(B13:B19) -> 138 | C20: =IF(B20=B8,"сходится","ОШИБКА") -> сходится
A22: Результаты по регионам (ВПР по первым цифрам ИНН)
A23: Регион | B23: Всего записей | C23: Требуют исправления | D23: Доля с ошибками
A24: =Справочники!B2 -> г. Москва | B24: =COUNTIF(Реестр!$J$2:$J$401,A24) -> 63 | C24: =COUNTIFS(Реестр!$J$2:$J$401,A24,Реестр!$S$2:$S$401,"Требует исправления") -> 15 | D24: =IF(B24=0,0,C24/B24) -> 0.23809524
A25: =Справочники!B3 -> г. Санкт-Петербург | B25: =COUNTIF(Реестр!$J$2:$J$401,A25) -> 48 | C25: =COUNTIFS(Реестр!$J$2:$J$401,A25,Реестр!$S$2:$S$401,"Требует исправления") -> 15 | D25: =IF(B25=0,0,C25/B25) -> 0.3125
A26: =Справочники!B4 -> г. Севастополь | B26: =COUNTIF(Реестр!$J$2:$J$401,A26) -> 36 | C26: =COUNTIFS(Реестр!$J$2:$J$401,A26,Реестр!$S$2:$S$401,"Требует исправления") -> 15 | D26: =IF(B26=0,0,C26/B26) -> 0.41666667
A27: =Справочники!B5 -> Республика Крым | B27: =COUNTIF(Реестр!$J$2:$J$401,A27) -> 26 | C27: =COUNTIFS(Реестр!$J$2:$J$401,A27,Реестр!$S$2:$S$401,"Требует исправления") -> 8 | D27: =IF(B27=0,0,C27/B27) -> 0.30769231
A28: =Справочники!B6 -> Московская область | B28: =COUNTIF(Реестр!$J$2:$J$401,A28) -> 21 | C28: =COUNTIFS(Реестр!$J$2:$J$401,A28,Реестр!$S$2:$S$401,"Требует исправления") -> 6 | D28: =IF(B28=0,0,C28/B28) -> 0.28571429
A29: =Справочники!B7 -> Краснодарский край | B29: =COUNTIF(Реестр!$J$2:$J$401,A29) -> 33 | C29: =COUNTIFS(Реестр!$J$2:$J$401,A29,Реестр!$S$2:$S$401,"Требует исправления") -> 7 | D29: =IF(B29=0,0,C29/B29) -> 0.21212121
A30: =Справочники!B8 -> Республика Татарстан | B30: =COUNTIF(Реестр!$J$2:$J$401,A30) -> 19 | C30: =COUNTIFS(Реестр!$J$2:$J$401,A30,Реестр!$S$2:$S$401,"Требует исправления") -> 7 | D30: =IF(B30=0,0,C30/B30) -> 0.36842105
A31: =Справочники!B9 -> Свердловская область | B31: =COUNTIF(Реестр!$J$2:$J$401,A31) -> 21 | C31: =COUNTIFS(Реестр!$J$2:$J$401,A31,Реестр!$S$2:$S$401,"Требует исправления") -> 5 | D31: =IF(B31=0,0,C31/B31) -> 0.23809524
A32: =Справочники!B10 -> Новосибирская область | B32: =COUNTIF(Реестр!$J$2:$J$401,A32) -> 23 | C32: =COUNTIFS(Реестр!$J$2:$J$401,A32,Реестр!$S$2:$S$401,"Требует исправления") -> 8 | D32: =IF(B32=0,0,C32/B32) -> 0.34782609
A33: =Справочники!B11 -> Нижегородская область | B33: =COUNTIF(Реестр!$J$2:$J$401,A33) -> 17 | C33: =COUNTIFS(Реестр!$J$2:$J$401,A33,Реестр!$S$2:$S$401,"Требует исправления") -> 4 | D33: =IF(B33=0,0,C33/B33) -> 0.23529412
A34: =Справочники!B12 -> Ростовская область | B34: =COUNTIF(Реестр!$J$2:$J$401,A34) -> 30 | C34: =COUNTIFS(Реестр!$J$2:$J$401,A34,Реестр!$S$2:$S$401,"Требует исправления") -> 10 | D34: =IF(B34=0,0,C34/B34) -> 0.33333333
A35: =Справочники!B13 -> Республика Башкортостан | B35: =COUNTIF(Реестр!$J$2:$J$401,A35) -> 11 | C35: =COUNTIFS(Реестр!$J$2:$J$401,A35,Реестр!$S$2:$S$401,"Требует исправления") -> 3 | D35: =IF(B35=0,0,C35/B35) -> 0.27272727
... A38: =Справочники!B16 -> Красноярский край | B38: =COUNTIF(Реестр!$J$2:$J$401,A38) -> 18 | C38: =COUNTIFS(Реестр!$J$2:$J$401,A38,Реестр!$S$2:$S$401,"Требует исправления") -> 3 | D38: =IF(B38=0,0,C38/B38) -> 0.16666667
A39: Регион не определён (ИНН пустой или с ошибкой) | B39: =COUNTIF(Реестр!$J$2:$J$401,"не определён") -> 6 | C39: =COUNTIFS(Реестр!$J$2:$J$401,"не определён",Реестр!$S$2:$S$401,"Требует исправления") -> 6 | D39: =IF(B39=0,0,C39/B39) -> 1
A40: Итого | B40: =SUM(B24:B39) -> 400 | C40: =SUM(C24:C39) -> 118 | D40: =IF(B40=0,0,C40/B40) -> 0.295 | E40: =IF(AND(B40=B4,C40=B6),"сходится","ОШИБКА") -> сходится

Sheet Реестр
A1: № | B1: Наименование организации | C1: ИНН | D1: ОГРН | E1: КПП | F1: Адрес | G1: Контактное лицо | H1: Email | I1: Телефон | J1: Регион (ВПР по ИНН) | K1: Проверка: ИНН | L1: Проверка: ОГРН | M1: Проверка: КПП | N1: Проверка: дубликат ИНН | O1: Проверка: email | P1: Проверка: телефон | Q1: Проверка: обязательные поля | R1: Число ошибок | S1: Статус | T1: Описание ошибок | U1: Сообщение клиенту | V1: № в списке ошибок (служебный) | W1: № в финальном реестре (служебный)
A2: 1 | B2: ООО «Эталон Принт» | C2: 2327503454 | D2: 5092327868474 | E2: 232701003 | F2: г. Краснодар, ул. Советская, д. 70, оф. 15 | G2: Иванова Е. С. | H2: sales@etalon-print.example | I2: +7 (861) 587-81-60 | J2: =IFERROR(VLOOKUP(VALUE(LEFT(C2,2)),Справочники!$A$2:$B$16,2,FALSE()),"не определён") -> Краснодарский край | K2: =IF(TRIM(C2)="","ИНН не указан",IF(LEN(C2)<>10,"ИНН: должно быть 10 цифр",IF(NOT(ISNUMBER(IFERROR(VALUE(C2),"x"))),"ИНН: есть нецифровые символы",IF(MOD(MOD(SUMPRODUCT(--MID(C2,{1,2,3,4,5,6,7,8,9},1),{2,4,10,3,5,9,4,6,8}),11),10)=VALUE(RIGHT(C2,1)),"","ИНН: неверная контрольная цифра")))) | L2: =IF(TRIM(D2)="","ОГРН не указан",IF(LEN(D2)<>13,"ОГРН: должно быть 13 цифр",IF(NOT(ISNUMBER(IFERROR(VALUE(D2),"x"))),"ОГРН: есть нецифровые символы",IF(MOD(VALUE(LEFT(D2,12))-11*INT(VALUE(LEFT(D2,12))/11),10)=VALUE(RIGHT(D2,1)),"","ОГРН: неверная контрольная цифра")))) | M2: =IF(TRIM(E2)="","КПП не указан",IF(LEN(E2)<>9,"КПП: должно быть 9 знаков",IF(NOT(AND(ISNUMBER(IFERROR(VALUE(LEFT(E2,4)),"x")),ISNUMBER(IFERROR(VALUE(RIGHT(E2,3)),"x")))),"КПП: неверный формат",IF(LEFT(E2,2)<>LEFT(C2,2),"КПП: код региона не совпадает с ИНН","")))) | N2: =IF(TRIM(C2)="","",IF(COUNTIF($C$2:$C$401,C2)>1,"Дубликат ИНН в реестре","")) | O2: =IF(TRIM(H2)="","Email не указан",IF(AND(ISNUMBER(FIND("@",H2)),ISNUMBER(FIND(".",H2,IFERROR(FIND("@",H2),1))),ISERROR(FIND(" ",H2)),LEFT(H2,1)<>"@",RIGHT(H2,1)<>".",LEN(H2)-LEN(SUBSTITUTE(H2,"@",""))=1),"","Email: неверный формат")) | P2: =IF(TRIM(I2)="","Телефон не указан",IF(AND(LEN(SUBSTITUTE(SUBSTITUTE(SUBSTITUTE(SUBSTITUTE(SUBSTITUTE(I2," ",""),"-",""),"(",""),")",""),"+",""))=11,OR(LEFT(SUBSTITUTE(SUBSTITUTE(SUBSTITUTE(SUBSTITUTE(SUBSTITUTE(I2," ",""),"-",""),"(",""),")",""),"+",""),1)="7",LEFT(SUBSTITUTE(SUBSTITUTE(SUBSTITUTE(SUBSTITUTE(SUBSTITUTE(I2," ",""),"-",""),"(",""),")",""),"+",""),1)="8"),ISNUMBER(IFERROR(VALUE(SUBSTITUTE(SUBSTITUTE(SUBSTITUTE(SUBSTITUTE(SUBSTITUTE(I2," ",""),"-",""),"(",""),")",""),"+","")),"x"))),"","Телефон: неверный формат")) | Q2: =TRIM(IF(TRIM(B2)="","Нет наименования. ","")&IF(TRIM(F2)="","Нет адреса. ","")&IF(TRIM(G2)="","Нет контактного лица.","")) | R2: =SUMPRODUCT(--(LEN(K2:Q2)>0)) -> 0 | S2: =IF(R2=0,"Готово к передаче","Требует исправления") -> Готово к передаче | T2: =IF(R2=0,"",_xlfn.TEXTJOIN("; ",TRUE(),K2:Q2)) | U2: =IF(R2=0,"","Здравствуйте! В данных организации «"&B2&"» обнаружены ошибки: "&T2&". Просим проверить и прислать исправленную информацию.") | V2: =IF(R2>0,COUNTIF($R$2:R2,">0"),"") | W2: =IF(R2=0,COUNTIF($R$2:R2,0),"") -> 1
A3: 2 | B3: ООО «Меридиан Стандарт» | C3: 7821181744 | D3: 1077836049818 | E3: 782145005 | F3: г. Санкт-Петербург, ул. Центральная, д. 82, оф. 267 | G3: Новиков О. М. | H3: mail@meridian-standart.example | I3: 8 812 5658356 | J3: =IFERROR(VLOOKUP(VALUE(LEFT(C3,2)),Справочники!$A$2:$B$16,2,FALSE()),"не определён") -> г. Санкт-Петербург | K3: =IF(TRIM(C3)="","ИНН не указан",IF(LEN(C3)<>10,"ИНН: должно быть 10 цифр",IF(NOT(ISNUMBER(IFERROR(VALUE(C3),"x"))),"ИНН: есть нецифровые символы",IF(MOD(MOD(SUMPRODUCT(--MID(C3,{1,2,3,4,5,6,7,8,9},1),{2,4,10,3,5,9,4,6,8}),11),10)=VALUE(RIGHT(C3,1)),"","ИНН: неверная контрольная цифра")))) | L3: =IF(TRIM(D3)="","ОГРН не указан",IF(LEN(D3)<>13,"ОГРН: должно быть 13 цифр",IF(NOT(ISNUMBER(IFERROR(VALUE(D3),"x"))),"ОГРН: есть нецифровые символы",IF(MOD(VALUE(LEFT(D3,12))-11*INT(VALUE(LEFT(D3,12))/11),10)=VALUE(RIGHT(D3,1)),"","ОГРН: неверная контрольная цифра")))) | M3: =IF(TRIM(E3)="","КПП не указан",IF(LEN(E3)<>9,"КПП: должно быть 9 знаков",IF(NOT(AND(ISNUMBER(IFERROR(VALUE(LEFT(E3,4)),"x")),ISNUMBER(IFERROR(VALUE(RIGHT(E3,3)),"x")))),"КПП: неверный формат",IF(LEFT(E3,2)<>LEFT(C3,2),"КПП: код региона не совпадает с ИНН","")))) | N3: =IF(TRIM(C3)="","",IF(COUNTIF($C$2:$C$401,C3)>1,"Дубликат ИНН в реестре","")) | O3: =IF(TRIM(H3)="","Email не указан",IF(AND(ISNUMBER(FIND("@",H3)),ISNUMBER(FIND(".",H3,IFERROR(FIND("@",H3),1))),ISERROR(FIND(" ",H3)),LEFT(H3,1)<>"@",RIGHT(H3,1)<>".",LEN(H3)-LEN(SUBSTITUTE(H3,"@",""))=1),"","Email: неверный формат")) | P3: =IF(TRIM(I3)="","Телефон не указан",IF(AND(LEN(SUBSTITUTE(SUBSTITUTE(SUBSTITUTE(SUBSTITUTE(SUBSTITUTE(I3," ",""),"-",""),"(",""),")",""),"+",""))=11,OR(LEFT(SUBSTITUTE(SUBSTITUTE(SUBSTITUTE(SUBSTITUTE(SUBSTITUTE(I3," ",""),"-",""),"(",""),")",""),"+",""),1)="7",LEFT(SUBSTITUTE(SUBSTITUTE(SUBSTITUTE(SUBSTITUTE(SUBSTITUTE(I3," ",""),"-",""),"(",""),")",""),"+",""),1)="8"),ISNUMBER(IFERROR(VALUE(SUBSTITUTE(SUBSTITUTE(SUBSTITUTE(SUBSTITUTE(SUBSTITUTE(I3," ",""),"-",""),"(",""),")",""),"+","")),"x"))),"","Телефон: неверный формат")) | Q3: =TRIM(IF(TRIM(B3)="","Нет наименования. ","")&IF(TRIM(F3)="","Нет адреса. ","")&IF(TRIM(G3)="","Нет контактного лица.","")) | R3: =SUMPRODUCT(--(LEN(K3:Q3)>0)) -> 0 | S3: =IF(R3=0,"Готово к передаче","Требует исправления") -> Готово к передаче | T3: =IF(R3=0,"",_xlfn.TEXTJOIN("; ",TRUE(),K3:Q3)) | U3: =IF(R3=0,"","Здравствуйте! В данных организации «"&B3&"» обнаружены ошибки: "&T3&". Просим проверить и прислать исправленную информацию.") | V3: =IF(R3>0,COUNTIF($R$2:R3,">0"),"") | W3: =IF(R3=0,COUNTIF($R$2:R3,0),"") -> 2
A4: 3 | B4: ООО «Горизонт Консалт» | C4: 7715736088 | D4: 5127713491164 | E4: 771501008 | F4: г. Москва, ул. Кирова, д. 59, оф. 281 | G4: Павлов О. С. | H4: zakaz@gorizont-konsalt.example | I4: +74955165983 | J4: =IFERROR(VLOOKUP(VALUE(LEFT(C4,2)),Справочники!$A$2:$B$16,2,FALSE()),"не определён") -> г. Москва | K4: =IF(TRIM(C4)="","ИНН не указан",IF(LEN(C4)<>10,"ИНН: должно быть 10 цифр",IF(NOT(ISNUMBER(IFERROR(VALUE(C4),"x"))),"ИНН: есть нецифровые символы",IF(MOD(MOD(SUMPRODUCT(--MID(C4,{1,2,3,4,5,6,7,8,9},1),{2,4,10,3,5,9,4,6,8}),11),10)=VALUE(RIGHT(C4,1)),"","ИНН: неверная контрольная цифра")))) | L4: =IF(TRIM(D4)="","ОГРН не указан",IF(LEN(D4)<>13,"ОГРН: должно быть 13 цифр",IF(NOT(ISNUMBER(IFERROR(VALUE(D4),"x"))),"ОГРН: есть нецифровые символы",IF(MOD(VALUE(LEFT(D4,12))-11*INT(VALUE(LEFT(D4,12))/11),10)=VALUE(RIGHT(D4,1)),"","ОГРН: неверная контрольная цифра")))) | M4: =IF(TRIM(E4)="","КПП не указан",IF(LEN(E4)<>9,"КПП: должно быть 9 знаков",IF(NOT(AND(ISNUMBER(IFERROR(VALUE(LEFT(E4,4)),"x")),ISNUMBER(IFERROR(VALUE(RIGHT(E4,3)),"x")))),"КПП: неверный формат",IF(LEFT(E4,2)<>LEFT(C4,2),"КПП: код региона не совпадает с ИНН","")))) | N4: =IF(TRIM(C4)="","",IF(COUNTIF($C$2:$C$401,C4)>1,"Дубликат ИНН в реестре","")) | O4: =IF(TRIM(H4)="","Email не указан",IF(AND(ISNUMBER(FIND("@",H4)),ISNUMBER(FIND(".",H4,IFERROR(FIND("@",H4),1))),ISERROR(FIND(" ",H4)),LEFT(H4,1)<>"@",RIGHT(H4,1)<>".",LEN(H4)-LEN(SUBSTITUTE(H4,"@",""))=1),"","Email: неверный формат")) | P4: =IF(TRIM(I4)="","Телефон не указан",IF(AND(LEN(SUBSTITUTE(SUBSTITUTE(SUBSTITUTE(SUBSTITUTE(SUBSTITUTE(I4," ",""),"-",""),"(",""),")",""),"+",""))=11,OR(LEFT(SUBSTITUTE(SUBSTITUTE(SUBSTITUTE(SUBSTITUTE(SUBSTITUTE(I4," ",""),"-",""),"(",""),")",""),"+",""),1)="7",LEFT(SUBSTITUTE(SUBSTITUTE(SUBSTITUTE(SUBSTITUTE(SUBSTITUTE(I4," ",""),"-",""),"(",""),")",""),"+",""),1)="8"),ISNUMBER(IFERROR(VALUE(SUBSTITUTE(SUBSTITUTE(SUBSTITUTE(SUBSTITUTE(SUBSTITUTE(I4," ",""),"-",""),"(",""),")",""),"+","")),"x"))),"","Телефон: неверный формат")) | Q4: =TRIM(IF(TRIM(B4)="","Нет наименования. ","")&IF(TRIM(F4)="","Нет адреса. ","")&IF(TRIM(G4)="","Нет контактного лица.","")) | R4: =SUMPRODUCT(--(LEN(K4:Q4)>0)) -> 0 | S4: =IF(R4=0,"Готово к передаче","Требует исправления") -> Готово к передаче | T4: =IF(R4=0,"",_xlfn.TEXTJOIN("; ",TRUE(),K4:Q4)) | U4: =IF(R4=0,"","Здравствуйте! В данных организации «"&B4&"» обнаружены ошибки: "&T4&". Просим проверить и прислать исправленную информацию.") | V4: =IF(R4>0,COUNTIF($R$2:R4,">0"),"") | W4: =IF(R4=0,COUNTIF($R$2:R4,0),"") -> 3
A5: 4 | B5: АО «Меридиан Монтаж» | D5: 1049120488625 | E5: 910345005 | F5: г. Симферополь, ул. Советская, д. 92, оф. 52 | G5: Иванов В. О. | H5: info@meridian-montazh.example | I5: +73655321609 | J5: =IFERROR(VLOOKUP(VALUE(LEFT(C5,2)),Справочники!$A$2:$B$16,2,FALSE()),"не определён") -> не определён | K5: =IF(TRIM(C5)="","ИНН не указан",IF(LEN(C5)<>10,"ИНН: должно быть 10 цифр",IF(NOT(ISNUMBER(IFERROR(VALUE(C5),"x"))),"ИНН: есть нецифровые символы",IF(MOD(MOD(SUMPRODUCT(--MID(C5,{1,2,3,4,5,6,7,8,9},1),{2,4,10,3,5,9,4,6,8}),11),10)=VALUE(RIGHT(C5,1)),"","ИНН: неверная контрольная цифра")))) -> ИНН не указан | L5: =IF(TRIM(D5)="","ОГРН не указан",IF(LEN(D5)<>13,"ОГРН: должно быть 13 цифр",IF(NOT(ISNUMBER(IFERROR(VALUE(D5),"x"))),"ОГРН: есть нецифровые символы",IF(MOD(VALUE(LEFT(D5,12))-11*INT(VALUE(LEFT(D5,12))/11),10)=VALUE(RIGHT(D5,1)),"","ОГРН: неверная контрольная цифра")))) | M5: =IF(TRIM(E5)="","КПП не указан",IF(LEN(E5)<>9,"КПП: должно быть 9 знаков",IF(NOT(AND(ISNUMBER(IFERROR(VALUE(LEFT(E5,4)),"x")),ISNUMBER(IFERROR(VALUE(RIGHT(E5,3)),"x")))),"КПП: неверный формат",IF(LEFT(E5,2)<>LEFT(C5,2),"КПП: код региона не совпадает с ИНН","")))) -> КПП: код региона не совпадает с ИНН | N5: =IF(TRIM(C5)="","",IF(COUNTIF($C$2:$C$401,C5)>1,"Дубликат ИНН в реестре","")) | O5: =IF(TRIM(H5)="","Email не указан",IF(AND(ISNUMBER(FIND("@",H5)),ISNUMBER(FIND(".",H5,IFERROR(FIND("@",H5),1))),ISERROR(FIND(" ",H5)),LEFT(H5,1)<>"@",RIGHT(H5,1)<>".",LEN(H5)-LEN(SUBSTITUTE(H5,"@",""))=1),"","Email: неверный формат")) | P5: =IF(TRIM(I5)="","Телефон не указан",IF(AND(LEN(SUBSTITUTE(SUBSTITUTE(SUBSTITUTE(SUBSTITUTE(SUBSTITUTE(I5," ",""),"-",""),"(",""),")",""),"+",""))=11,OR(LEFT(SUBSTITUTE(SUBSTITUTE(SUBSTITUTE(SUBSTITUTE(SUBSTITUTE(I5," ",""),"-",""),"(",""),")",""),"+",""),1)="7",LEFT(SUBSTITUTE(SUBSTITUTE(SUBSTITUTE(SUBSTITUTE(SUBSTITUTE(I5," ",""),"-",""),"(",""),")",""),"+",""),1)="8"),ISNUMBER(IFERROR(VALUE(SUBSTITUTE(SUBSTITUTE(SUBSTITUTE(SUBSTITUTE(SUBSTITUTE(I5," ",""),"-",""),"(",""),")",""),"+","")),"x"))),"","Телефон: неверный формат")) | Q5: =TRIM(IF(TRIM(B5)="","Нет наименования. ","")&IF(TRIM(F5)="","Нет адреса. ","")&IF(TRIM(G5)="","Нет контактного лица.","")) | R5: =SUMPRODUCT(--(LEN(K5:Q5)>0)) -> 2 | S5: =IF(R5=0,"Готово к передаче","Требует исправления") -> Требует исправления | T5: =IF(R5=0,"",_xlfn.TEXTJOIN("; ",TRUE(),K5:Q5)) -> ИНН не указан; КПП: код региона не совпадает с ИНН | U5: =IF(R5=0,"","Здравствуйте! В данных организации «"&B5&"» обнаружены ошибки: "&T5&". Просим проверить и прислать исправленную информацию.") -> Здравствуйте! В данных организации «АО «Меридиан Монтаж»» обнаружены ошибки: ИНН не указан; КПП: код региона не совпадает с ИНН. Просим проверить и прислать исправленную информацию. | V5: =IF(R5>0,COUNTIF($R$2:R5,">0"),"") -> 1 | W5: =IF(R5=0,COUNTIF($R$2:R5,0),"")
A6: 5 | B6: АО «Линия Сервис» | C6: 7733137520 | D6: 1067747510148 | E6: 773301009 | F6: г. Москва, ул. Школьная, д. 40, оф. 22 | G6: Алексеев В. Е. | H6: sales@liniya-servis.example | I6: 8 495 5942577 | J6: =IFERROR(VLOOKUP(VALUE(LEFT(C6,2)),Справочники!$A$2:$B$16,2,FALSE()),"не определён") -> г. Москва | K6: =IF(TRIM(C6)="","ИНН не указан",IF(LEN(C6)<>10,"ИНН: должно быть 10 цифр",IF(NOT(ISNUMBER(IFERROR(VALUE(C6),"x"))),"ИНН: есть нецифровые символы",IF(MOD(MOD(SUMPRODUCT(--MID(C6,{1,2,3,4,5,6,7,8,9},1),{2,4,10,3,5,9,4,6,8}),11),10)=VALUE(RIGHT(C6,1)),"","ИНН: неверная контрольная цифра")))) | L6: =IF(TRIM(D6)="","ОГРН не указан",IF(LEN(D6)<>13,"ОГРН: должно быть 13 цифр",IF(NOT(ISNUMBER(IFERROR(VALUE(D6),"x"))),"ОГРН: есть нецифровые символы",IF(MOD(VALUE(LEFT(D6,12))-11*INT(VALUE(LEFT(D6,12))/11),10)=VALUE(RIGHT(D6,1)),"","ОГРН: неверная контрольная цифра")))) | M6: =IF(TRIM(E6)="","КПП не указан",IF(LEN(E6)<>9,"КПП: должно быть 9 знаков",IF(NOT(AND(ISNUMBER(IFERROR(VALUE(LEFT(E6,4)),"x")),ISNUMBER(IFERROR(VALUE(RIGHT(E6,3)),"x")))),"КПП: неверный формат",IF(LEFT(E6,2)<>LEFT(C6,2),"КПП: код региона не совпадает с ИНН","")))) | N6: =IF(TRIM(C6)="","",IF(COUNTIF($C$2:$C$401,C6)>1,"Дубликат ИНН в реестре","")) | O6: =IF(TRIM(H6)="","Email не указан",IF(AND(ISNUMBER(FIND("@",H6)),ISNUMBER(FIND(".",H6,IFERROR(FIND("@",H6),1))),ISERROR(FIND(" ",H6)),LEFT(H6,1)<>"@",RIGHT(H6,1)<>".",LEN(H6)-LEN(SUBSTITUTE(H6,"@",""))=1),"","Email: неверный формат")) | P6: =IF(TRIM(I6)="","Телефон не указан",IF(AND(LEN(SUBSTITUTE(SUBSTITUTE(SUBSTITUTE(SUBSTITUTE(SUBSTITUTE(I6," ",""),"-",""),"(",""),")",""),"+",""))=11,OR(LEFT(SUBSTITUTE(SUBSTITUTE(SUBSTITUTE(SUBSTITUTE(SUBSTITUTE(I6," ",""),"-",""),"(",""),")",""),"+",""),1)="7",LEFT(SUBSTITUTE(SUBSTITUTE(SUBSTITUTE(SUBSTITUTE(SUBSTITUTE(I6," ",""),"-",""),"(",""),")",""),"+",""),1)="8"),ISNUMBER(IFERROR(VALUE(SUBSTITUTE(SUBSTITUTE(SUBSTITUTE(SUBSTITUTE(SUBSTITUTE(I6," ",""),"-",""),"(",""),")",""),"+","")),"x"))),"","Телефон: неверный формат")) | Q6: =TRIM(IF(TRIM(B6)="","Нет наименования. ","")&IF(TRIM(F6)="","Нет адреса. ","")&IF(TRIM(G6)="","Нет контактного лица.","")) | R6: =SUMPRODUCT(--(LEN(K6:Q6)>0)) -> 0 | S6: =IF(R6=0,"Готово к передаче","Требует исправления") -> Готово к передаче | T6: =IF(R6=0,"",_xlfn.TEXTJOIN("; ",TRUE(),K6:Q6)) | U6: =IF(R6=0,"","Здравствуйте! В данных организации «"&B6&"» обнаружены ошибки: "&T6&". Просим проверить и прислать исправленную информацию.") | V6: =IF(R6>0,COUNTIF($R$2:R6,">0"),"") | W6: =IF(R6=0,COUNTIF($R$2:R6,0),"") -> 4
A7: 6 | B7: ООО «Феникс Фуд» | C7: 2339849062 | D7: 5152323704341 | E7: 233901009 | F7: г. Краснодар, ул. Ленина, д. 23, оф. 162 | G7: Попов И. А. | H7: sales@feniks-fud.example | I7: +78615122366 | J7: =IFERROR(VLOOKUP(VALUE(LEFT(C7,2)),Справочники!$A$2:$B$16,2,FALSE()),"не определён") -> Краснодарский край | K7: =IF(TRIM(C7)="","ИНН не указан",IF(LEN(C7)<>10,"ИНН: должно быть 10 цифр",IF(NOT(ISNUMBER(IFERROR(VALUE(C7),"x"))),"ИНН: есть нецифровые символы",IF(MOD(MOD(SUMPRODUCT(--MID(C7,{1,2,3,4,5,6,7,8,9},1),{2,4,10,3,5,9,4,6,8}),11),10)=VALUE(RIGHT(C7,1)),"","ИНН: неверная контрольная цифра")))) | L7: =IF(TRIM(D7)="","ОГРН не указан",IF(LEN(D7)<>13,"ОГРН: должно быть 13 цифр",IF(NOT(ISNUMBER(IFERROR(VALUE(D7),"x"))),"ОГРН: есть нецифровые символы",IF(MOD(VALUE(LEFT(D7,12))-11*INT(VALUE(LEFT(D7,12))/11),10)=VALUE(RIGHT(D7,1)),"","ОГРН: неверная контрольная цифра")))) | M7: =IF(TRIM(E7)="","КПП не указан",IF(LEN(E7)<>9,"КПП: должно быть 9 знаков",IF(NOT(AND(ISNUMBER(IFERROR(VALUE(LEFT(E7,4)),"x")),ISNUMBER(IFERROR(VALUE(RIGHT(E7,3)),"x")))),"КПП: неверный формат",IF(LEFT(E7,2)<>LEFT(C7,2),"КПП: код региона не совпадает с ИНН","")))) | N7: =IF(TRIM(C7)="","",IF(COUNTIF($C$2:$C$401,C7)>1,"Дубликат ИНН в реестре","")) | O7: =IF(TRIM(H7)="","Email не указан",IF(AND(ISNUMBER(FIND("@",H7)),ISNUMBER(FIND(".",H7,IFERROR(FIND("@",H7),1))),ISERROR(FIND(" ",H7)),LEFT(H7,1)<>"@",RIGHT(H7,1)<>".",LEN(H7)-LEN(SUBSTITUTE(H7,"@",""))=1),"","Email: неверный формат")) | P7: =IF(TRIM(I7)="","Телефон не указан",IF(AND(LEN(SUBSTITUTE(SUBSTITUTE(SUBSTITUTE(SUBSTITUTE(SUBSTITUTE(I7," ",""),"-",""),"(",""),")",""),"+",""))=11,OR(LEFT(SUBSTITUTE(SUBSTITUTE(SUBSTITUTE(SUBSTITUTE(SUBSTITUTE(I7," ",""),"-",""),"(",""),")",""),"+",""),1)="7",LEFT(SUBSTITUTE(SUBSTITUTE(SUBSTITUTE(SUBSTITUTE(SUBSTITUTE(I7," ",""),"-",""),"(",""),")",""),"+",""),1)="8"),ISNUMBER(IFERROR(VALUE(SUBSTITUTE(SUBSTITUTE(SUBSTITUTE(SUBSTITUTE(SUBSTITUTE(I7," ",""),"-",""),"(",""),")",""),"+","")),"x"))),"","Телефон: неверный формат")) | Q7: =TRIM(IF(TRIM(B7)="","Нет наименования. ","")&IF(TRIM(F7)="","Нет адреса. ","")&IF(TRIM(G7)="","Нет контактного лица.","")) | R7: =SUMPRODUCT(--(LEN(K7:Q7)>0)) -> 0 | S7: =IF(R7=0,"Готово к передаче","Требует исправления") -> Готово к передаче | T7: =IF(R7=0,"",_xlfn.TEXTJOIN("; ",TRUE(),K7:Q7)) | U7: =IF(R7=0,"","Здравствуйте! В данных организации «"&B7&"» обнаружены ошибки: "&T7&". Просим проверить и прислать исправленную информацию.") | V7: =IF(R7>0,COUNTIF($R$2:R7,">0"),"") | W7: =IF(R7=0,COUNTIF($R$2:R7,0),"") -> 5
A8: 7 | B8: ООО «Квант Пласт» | C8: 6635202145 | D8: 1066607427677 | E8: 663543002 | F8: г. Екатеринбург, ул. Победы, д. 10, оф. 196 | G8: Волкова М. И. | H8: mail@kvant-plast.example | I8: 8 343 5123259 | J8: =IFERROR(VLOOKUP(VALUE(LEFT(C8,2)),Справочники!$A$2:$B$16,2,FALSE()),"не определён") -> Свердловская область | K8: =IF(TRIM(C8)="","ИНН не указан",IF(LEN(C8)<>10,"ИНН: должно быть 10 цифр",IF(NOT(ISNUMBER(IFERROR(VALUE(C8),"x"))),"ИНН: есть нецифровые символы",IF(MOD(MOD(SUMPRODUCT(--MID(C8,{1,2,3,4,5,6,7,8,9},1),{2,4,10,3,5,9,4,6,8}),11),10)=VALUE(RIGHT(C8,1)),"","ИНН: неверная контрольная цифра")))) | L8: =IF(TRIM(D8)="","ОГРН не указан",IF(LEN(D8)<>13,"ОГРН: должно быть 13 цифр",IF(NOT(ISNUMBER(IFERROR(VALUE(D8),"x"))),"ОГРН: есть нецифровые символы",IF(MOD(VALUE(LEFT(D8,12))-11*INT(VALUE(LEFT(D8,12))/11),10)=VALUE(RIGHT(D8,1)),"","ОГРН: неверная контрольная цифра")))) | M8: =IF(TRIM(E8)="","КПП не указан",IF(LEN(E8)<>9,"КПП: должно быть 9 знаков",IF(NOT(AND(ISNUMBER(IFERROR(VALUE(LEFT(E8,4)),"x")),ISNUMBER(IFERROR(VALUE(RIGHT(E8,3)),"x")))),"КПП: неверный формат",IF(LEFT(E8,2)<>LEFT(C8,2),"КПП: код региона не совпадает с ИНН","")))) | N8: =IF(TRIM(C8)="","",IF(COUNTIF($C$2:$C$401,C8)>1,"Дубликат ИНН в реестре","")) | O8: =IF(TRIM(H8)="","Email не указан",IF(AND(ISNUMBER(FIND("@",H8)),ISNUMBER(FIND(".",H8,IFERROR(FIND("@",H8),1))),ISERROR(FIND(" ",H8)),LEFT(H8,1)<>"@",RIGHT(H8,1)<>".",LEN(H8)-LEN(SUBSTITUTE(H8,"@",""))=1),"","Email: неверный формат")) | P8: =IF(TRIM(I8)="","Телефон не указан",IF(AND(LEN(SUBSTITUTE(SUBSTITUTE(SUBSTITUTE(SUBSTITUTE(SUBSTITUTE(I8," ",""),"-",""),"(",""),")",""),"+",""))=11,OR(LEFT(SUBSTITUTE(SUBSTITUTE(SUBSTITUTE(SUBSTITUTE(SUBSTITUTE(I8," ",""),"-",""),"(",""),")",""),"+",""),1)="7",LEFT(SUBSTITUTE(SUBSTITUTE(SUBSTITUTE(SUBSTITUTE(SUBSTITUTE(I8," ",""),"-",""),"(",""),")",""),"+",""),1)="8"),ISNUMBER(IFERROR(VALUE(SUBSTITUTE(SUBSTITUTE(SUBSTITUTE(SUBSTITUTE(SUBSTITUTE(I8," ",""),"-",""),"(",""),")",""),"+","")),"x"))),"","Телефон: неверный формат")) | Q8: =TRIM(IF(TRIM(B8)="","Нет наименования. ","")&IF(TRIM(F8)="","Нет адреса. ","")&IF(TRIM(G8)="","Нет контактного лица.","")) | R8: =SUMPRODUCT(--(LEN(K8:Q8)>0)) -> 0 | S8: =IF(R8=0,"Готово к передаче","Требует исправления") -> Готово к передаче | T8: =IF(R8=0,"",_xlfn.TEXTJOIN("; ",TRUE(),K8:Q8)) | U8: =IF(R8=0,"","Здравствуйте! В данных организации «"&B8&"» обнаружены ошибки: "&T8&". Просим проверить и прислать исправленную информацию.") | V8: =IF(R8>0,COUNTIF($R$2:R8,">0"),"") | W8: =IF(R8=0,COUNTIF($R$2:R8,0),"") -> 6
A9: 8 | B9: ООО «Вектор Проект» | C9: 6338452351 | D9: 1046306648563 | E9: 633801005 | F9: г. Самара, ул. Кирова, д. 29, оф. 87 | G9: Козлов С. Н. | H9: mail @ vektor-proekt.example | I9: +78465338368 | J9: =IFERROR(VLOOKUP(VALUE(LEFT(C9,2)),Справочники!$A$2:$B$16,2,FALSE()),"не определён") -> Самарская область | K9: =IF(TRIM(C9)="","ИНН не указан",IF(LEN(C9)<>10,"ИНН: должно быть 10 цифр",IF(NOT(ISNUMBER(IFERROR(VALUE(C9),"x"))),"ИНН: есть нецифровые символы",IF(MOD(MOD(SUMPRODUCT(--MID(C9,{1,2,3,4,5,6,7,8,9},1),{2,4,10,3,5,9,4,6,8}),11),10)=VALUE(RIGHT(C9,1)),"","ИНН: неверная контрольная цифра")))) -> ИНН: неверная контрольная цифра | L9: =IF(TRIM(D9)="","ОГРН не указан",IF(LEN(D9)<>13,"ОГРН: должно быть 13 цифр",IF(NOT(ISNUMBER(IFERROR(VALUE(D9),"x"))),"ОГРН: есть нецифровые символы",IF(MOD(VALUE(LEFT(D9,12))-11*INT(VALUE(LEFT(D9,12))/11),10)=VALUE(RIGHT(D9,1)),"","ОГРН: неверная контрольная цифра")))) | M9: =IF(TRIM(E9)="","КПП не указан",IF(LEN(E9)<>9,"КПП: должно быть 9 знаков",IF(NOT(AND(ISNUMBER(IFERROR(VALUE(LEFT(E9,4)),"x")),ISNUMBER(IFERROR(VALUE(RIGHT(E9,3)),"x")))),"КПП: неверный формат",IF(LEFT(E9,2)<>LEFT(C9,2),"КПП: код региона не совпадает с ИНН","")))) | N9: =IF(TRIM(C9)="","",IF(COUNTIF($C$2:$C$401,C9)>1,"Дубликат ИНН в реестре","")) | O9: =IF(TRIM(H9)="","Email не указан",IF(AND(ISNUMBER(FIND("@",H9)),ISNUMBER(FIND(".",H9,IFERROR(FIND("@",H9),1))),ISERROR(FIND(" ",H9)),LEFT(H9,1)<>"@",RIGHT(H9,1)<>".",LEN(H9)-LEN(SUBSTITUTE(H9,"@",""))=1),"","Email: неверный формат")) -> Email: неверный формат | P9: =IF(TRIM(I9)="","Телефон не указан",IF(AND(LEN(SUBSTITUTE(SUBSTITUTE(SUBSTITUTE(SUBSTITUTE(SUBSTITUTE(I9," ",""),"-",""),"(",""),")",""),"+",""))=11,OR(LEFT(SUBSTITUTE(SUBSTITUTE(SUBSTITUTE(SUBSTITUTE(SUBSTITUTE(I9," ",""),"-",""),"(",""),")",""),"+",""),1)="7",LEFT(SUBSTITUTE(SUBSTITUTE(SUBSTITUTE(SUBSTITUTE(SUBSTITUTE(I9," ",""),"-",""),"(",""),")",""),"+",""),1)="8"),ISNUMBER(IFERROR(VALUE(SUBSTITUTE(SUBSTITUTE(SUBSTITUTE(SUBSTITUTE(SUBSTITUTE(I9," ",""),"-",""),"(",""),")",""),"+","")),"x"))),"","Телефон: неверный формат")) | Q9: =TRIM(IF(TRIM(B9)="","Нет наименования. ","")&IF(TRIM(F9)="","Нет адреса. ","")&IF(TRIM(G9)="","Нет контактного лица.","")) | R9: =SUMPRODUCT(--(LEN(K9:Q9)>0)) -> 2 | S9: =IF(R9=0,"Готово к передаче","Требует исправления") -> Требует исправления | T9: =IF(R9=0,"",_xlfn.TEXTJOIN("; ",TRUE(),K9:Q9)) -> ИНН: неверная контрольная цифра; Email: неверный формат | U9: =IF(R9=0,"","Здравствуйте! В данных организации «"&B9&"» обнаружены ошибки: "&T9&". Просим проверить и прислать исправленную информацию.") -> Здравствуйте! В данных организации «ООО «Вектор Проект»» обнаружены ошибки: ИНН: неверная контрольная цифра; Email: неверный формат. Просим проверить и прислать исправленную информацию. | V9: =IF(R9>0,COUNTIF($R$2:R9,">0"),"") -> 2 | W9: =IF(R9=0,COUNTIF($R$2:R9,0),"")
A10: 9 | B10: АО «Гранит Снаб» | C10: 6615903294 | D10: 5136627773145 | E10: 661543004 | F10: г. Екатеринбург, ул. Советская, д. 57, оф. 291 | G10: Алексеева И. Н. | H10: office@granit-snab.example | I10: 8 343 5876238 | J10: =IFERROR(VLOOKUP(VALUE(LEFT(C10,2)),Справочники!$A$2:$B$16,2,FALSE()),"не определён") -> Свердловская область | K10: =IF(TRIM(C10)="","ИНН не указан",IF(LEN(C10)<>10,"ИНН: должно быть 10 цифр",IF(NOT(ISNUMBER(IFERROR(VALUE(C10),"x"))),"ИНН: есть нецифровые символы",IF(MOD(MOD(SUMPRODUCT(--MID(C10,{1,2,3,4,5,6,7,8,9},1),{2,4,10,3,5,9,4,6,8}),11),10)=VALUE(RIGHT(C10,1)),"","ИНН: неверная контрольная цифра")))) | L10: =IF(TRIM(D10)="","ОГРН не указан",IF(LEN(D10)<>13,"ОГРН: должно быть 13 цифр",IF(NOT(ISNUMBER(IFERROR(VALUE(D10),"x"))),"ОГРН: есть нецифровые символы",IF(MOD(VALUE(LEFT(D10,12))-11*INT(VALUE(LEFT(D10,12))/11),10)=VALUE(RIGHT(D10,1)),"","ОГРН: неверная контрольная цифра")))) | M10: =IF(TRIM(E10)="","КПП не указан",IF(LEN(E10)<>9,"КПП: должно быть 9 знаков",IF(NOT(AND(ISNUMBER(IFERROR(VALUE(LEFT(E10,4)),"x")),ISNUMBER(IFERROR(VALUE(RIGHT(E10,3)),"x")))),"КПП: неверный формат",IF(LEFT(E10,2)<>LEFT(C10,2),"КПП: код региона не совпадает с ИНН","")))) | N10: =IF(TRIM(C10)="","",IF(COUNTIF($C$2:$C$401,C10)>1,"Дубликат ИНН в реестре","")) | O10: =IF(TRIM(H10)="","Email не указан",IF(AND(ISNUMBER(FIND("@",H10)),ISNUMBER(FIND(".",H10,IFERROR(FIND("@",H10),1))),ISERROR(FIND(" ",H10)),LEFT(H10,1)<>"@",RIGHT(H10,1)<>".",LEN(H10)-LEN(SUBSTITUTE(H10,"@",""))=1),"","Email: неверный формат")) | P10: =IF(TRIM(I10)="","Телефон не указан",IF(AND(LEN(SUBSTITUTE(SUBSTITUTE(SUBSTITUTE(SUBSTITUTE(SUBSTITUTE(I10," ",""),"-",""),"(",""),")",""),"+",""))=11,OR(LEFT(SUBSTITUTE(SUBSTITUTE(SUBSTITUTE(SUBSTITUTE(SUBSTITUTE(I10," ",""),"-",""),"(",""),")",""),"+",""),1)="7",LEFT(SUBSTITUTE(SUBSTITUTE(SUBSTITUTE(SUBSTITUTE(SUBSTITUTE(I10," ",""),"-",""),"(",""),")",""),"+",""),1)="8"),ISNUMBER(IFERROR(VALUE(SUBSTITUTE(SUBSTITUTE(SUBSTITUTE(SUBSTITUTE(SUBSTITUTE(I10," ",""),"-",""),"(",""),")",""),"+","")),"x"))),"","Телефон: неверный формат")) | Q10: =TRIM(IF(TRIM(B10)="","Нет наименования. ","")&IF(TRIM(F10)="","Нет адреса. ","")&IF(TRIM(G10)="","Нет контактного лица.","")) | R10: =SUMPRODUCT(--(LEN(K10:Q10)>0)) -> 0 | S10: =IF(R10=0,"Готово к передаче","Требует исправления") -> Готово к передаче | T10: =IF(R10=0,"",_xlfn.TEXTJOIN("; ",TRUE(),K10:Q10)) | U10: =IF(R10=0,"","Здравствуйте! В данных организации «"&B10&"» обнаружены ошибки: "&T10&". Просим проверить и прислать исправленную информацию.") | V10: =IF(R10>0,COUNTIF($R$2:R10,">0"),"") | W10: =IF(R10=0,COUNTIF($R$2:R10,0),"") -> 7
A11: 10 | B11: АО «Эталон Проект» | C11: 782218804 | D11: 1107819752864 | E11: 782243007 | F11: г. Санкт-Петербург, ул. Садовая, д. 3, оф. 282 | G11: Новикова М. И. | H11: mail@etalon-proekt.example | I11: 8 812 5099621 | J11: =IFERROR(VLOOKUP(VALUE(LEFT(C11,2)),Справочники!$A$2:$B$16,2,FALSE()),"не определён") -> г. Санкт-Петербург | K11: =IF(TRIM(C11)="","ИНН не указан",IF(LEN(C11)<>10,"ИНН: должно быть 10 цифр",IF(NOT(ISNUMBER(IFERROR(VALUE(C11),"x"))),"ИНН: есть нецифровые символы",IF(MOD(MOD(SUMPRODUCT(--MID(C11,{1,2,3,4,5,6,7,8,9},1),{2,4,10,3,5,9,4,6,8}),11),10)=VALUE(RIGHT(C11,1)),"","ИНН: неверная контрольная цифра")))) -> ИНН: должно быть 10 цифр | L11: =IF(TRIM(D11)="","ОГРН не указан",IF(LEN(D11)<>13,"ОГРН: должно быть 13 цифр",IF(NOT(ISNUMBER(IFERROR(VALUE(D11),"x"))),"ОГРН: есть нецифровые символы",IF(MOD(VALUE(LEFT(D11,12))-11*INT(VALUE(LEFT(D11,12))/11),10)=VALUE(RIGHT(D11,1)),"","ОГРН: неверная контрольная цифра")))) | M11: =IF(TRIM(E11)="","КПП не указан",IF(LEN(E11)<>9,"КПП: должно быть 9 знаков",IF(NOT(AND(ISNUMBER(IFERROR(VALUE(LEFT(E11,4)),"x")),ISNUMBER(IFERROR(VALUE(RIGHT(E11,3)),"x")))),"КПП: неверный формат",IF(LEFT(E11,2)<>LEFT(C11,2),"КПП: код региона не совпадает с ИНН","")))) | N11: =IF(TRIM(C11)="","",IF(COUNTIF($C$2:$C$401,C11)>1,"Дубликат ИНН в реестре","")) | O11: =IF(TRIM(H11)="","Email не указан",IF(AND(ISNUMBER(FIND("@",H11)),ISNUMBER(FIND(".",H11,IFERROR(FIND("@",H11),1))),ISERROR(FIND(" ",H11)),LEFT(H11,1)<>"@",RIGHT(H11,1)<>".",LEN(H11)-LEN(SUBSTITUTE(H11,"@",""))=1),"","Email: неверный формат")) | P11: =IF(TRIM(I11)="","Телефон не указан",IF(AND(LEN(SUBSTITUTE(SUBSTITUTE(SUBSTITUTE(SUBSTITUTE(SUBSTITUTE(I11," ",""),"-",""),"(",""),")",""),"+",""))=11,OR(LEFT(SUBSTITUTE(SUBSTITUTE(SUBSTITUTE(SUBSTITUTE(SUBSTITUTE(I11," ",""),"-",""),"(",""),")",""),"+",""),1)="7",LEFT(SUBSTITUTE(SUBSTITUTE(SUBSTITUTE(SUBSTITUTE(SUBSTITUTE(I11," ",""),"-",""),"(",""),")",""),"+",""),1)="8"),ISNUMBER(IFERROR(VALUE(SUBSTITUTE(SUBSTITUTE(SUBSTITUTE(SUBSTITUTE(SUBSTITUTE(I11," ",""),"-",""),"(",""),")",""),"+","")),"x"))),"","Телефон: неверный формат")) | Q11: =TRIM(IF(TRIM(B11)="","Нет наименования. ","")&IF(TRIM(F11)="","Нет адреса. ","")&IF(TRIM(G11)="","Нет контактного лица.","")) | R11: =SUMPRODUCT(--(LEN(K11:Q11)>0)) -> 1 | S11: =IF(R11=0,"Готово к передаче","Требует исправления") -> Требует исправления | T11: =IF(R11=0,"",_xlfn.TEXTJOIN("; ",TRUE(),K11:Q11)) -> ИНН: должно быть 10 цифр | U11: =IF(R11=0,"","Здравствуйте! В данных организации «"&B11&"» обнаружены ошибки: "&T11&". Просим проверить и прислать исправленную информацию.") -> Здравствуйте! В данных организации «АО «Эталон Проект»» обнаружены ошибки: ИНН: должно быть 10 цифр. Просим проверить и прислать исправленную информацию. | V11: =IF(R11>0,COUNTIF($R$2:R11,">0"),"") -> 3 | W11: =IF(R11=0,COUNTIF($R$2:R11,0),"")
A12: 11 | B12: ООО «Гранит Агро» | C12: 6326949532 | D12: 1026318732582 | E12: 632601003 | F12: г. Самара, ул. Центральная, д. 75, оф. 213 | G12: Лебедева С. А. | H12: zakaz@granit-agro.example | I12: +7 (846) 561-53-11 | J12: =IFERROR(VLOOKUP(VALUE(LEFT(C12,2)),Справочники!$A$2:$B$16,2,FALSE()),"не определён") -> Самарская область | K12: =IF(TRIM(C12)="","ИНН не указан",IF(LEN(C12)<>10,"ИНН: должно быть 10 цифр",IF(NOT(ISNUMBER(IFERROR(VALUE(C12),"x"))),"ИНН: есть нецифровые символы",IF(MOD(MOD(SUMPRODUCT(--MID(C12,{1,2,3,4,5,6,7,8,9},1),{2,4,10,3,5,9,4,6,8}),11),10)=VALUE(RIGHT(C12,1)),"","ИНН: неверная контрольная цифра")))) | L12: =IF(TRIM(D12)="","ОГРН не указан",IF(LEN(D12)<>13,"ОГРН: должно быть 13 цифр",IF(NOT(ISNUMBER(IFERROR(VALUE(D12),"x"))),"ОГРН: есть нецифровые символы",IF(MOD(VALUE(LEFT(D12,12))-11*INT(VALUE(LEFT(D12,12))/11),10)=VALUE(RIGHT(D12,1)),"","ОГРН: неверная контрольная цифра")))) | M12: =IF(TRIM(E12)="","КПП не указан",IF(LEN(E12)<>9,"КПП: должно быть 9 знаков",IF(NOT(AND(ISNUMBER(IFERROR(VALUE(LEFT(E12,4)),"x")),ISNUMBER(IFERROR(VALUE(RIGHT(E12,3)),"x")))),"КПП: неверный формат",IF(LEFT(E12,2)<>LEFT(C12,2),"КПП: код региона не совпадает с ИНН","")))) | N12: =IF(TRIM(C12)="","",IF(COUNTIF($C$2:$C$401,C12)>1,"Дубликат ИНН в реестре","")) | O12: =IF(TRIM(H12)="","Email не указан",IF(AND(ISNUMBER(FIND("@",H12)),ISNUMBER(FIND(".",H12,IFERROR(FIND("@",H12),1))),ISERROR(FIND(" ",H12)),LEFT(H12,1)<>"@",RIGHT(H12,1)<>".",LEN(H12)-LEN(SUBSTITUTE(H12,"@",""))=1),"","Email: неверный формат")) | P12: =IF(TRIM(I12)="","Телефон не указан",IF(AND(LEN(SUBSTITUTE(SUBSTITUTE(SUBSTITUTE(SUBSTITUTE(SUBSTITUTE(I12," ",""),"-",""),"(",""),")",""),"+",""))=11,OR(LEFT(SUBSTITUTE(SUBSTITUTE(SUBSTITUTE(SUBSTITUTE(SUBSTITUTE(I12," ",""),"-",""),"(",""),")",""),"+",""),1)="7",LEFT(SUBSTITUTE(SUBSTITUTE(SUBSTITUTE(SUBSTITUTE(SUBSTITUTE(I12," ",""),"-",""),"(",""),")",""),"+",""),1)="8"),ISNUMBER(IFERROR(VALUE(SUBSTITUTE(SUBSTITUTE(SUBSTITUTE(SUBSTITUTE(SUBSTITUTE(I12," ",""),"-",""),"(",""),")",""),"+","")),"x"))),"","Телефон: неверный формат")) | Q12: =TRIM(IF(TRIM(B12)="","Нет наименования. ","")&IF(TRIM(F12)="","Нет адреса. ","")&IF(TRIM(G12)="","Нет контактного лица.","")) | R12: =SUMPRODUCT(--(LEN(K12:Q12)>0)) -> 0 | S12: =IF(R12=0,"Готово к передаче","Требует исправления") -> Готово к передаче | T12: =IF(R12=0,"",_xlfn.TEXTJOIN("; ",TRUE(),K12:Q12)) | U12: =IF(R12=0,"","Здравствуйте! В данных организации «"&B12&"» обнаружены ошибки: "&T12&". Просим проверить и прислать исправленную информацию.") | V12: =IF(R12>0,COUNTIF($R$2:R12,">0"),"") | W12: =IF(R12=0,COUNTIF($R$2:R12,0),"") -> 8
A13: 12 | B13: ООО «Эталон Технологии» | C13: 1633362955 | D13: 5041636907582 | E13: 163301009 | F13: г. Казань, ул. Ленина, д. 13, оф. 80 | G13: Морозова И. Н. | H13: mail @ etalon-tekhnologii.example | I13: +7 (843) 528-69-36 | J13: =IFERROR(VLOOKUP(VALUE(LEFT(C13,2)),Справочники!$A$2:$B$16,2,FALSE()),"не определён") -> Республика Татарстан | K13: =IF(TRIM(C13)="","ИНН не указан",IF(LEN(C13)<>10,"ИНН: должно быть 10 цифр",IF(NOT(ISNUMBER(IFERROR(VALUE(C13),"x"))),"ИНН: есть нецифровые символы",IF(MOD(MOD(SUMPRODUCT(--MID(C13,{1,2,3,4,5,6,7,8,9},1),{2,4,10,3,5,9,4,6,8}),11),10)=VALUE(RIGHT(C13,1)),"","ИНН: неверная контрольная цифра")))) | L13: =IF(TRIM(D13)="","ОГРН не указан",IF(LEN(D13)<>13,"ОГРН: должно быть 13 цифр",IF(NOT(ISNUMBER(IFERROR(VALUE(D13),"x"))),"ОГРН: есть нецифровые символы",IF(MOD(VALUE(LEFT(D13,12))-11*INT(VALUE(LEFT(D13,12))/11),10)=VALUE(RIGHT(D13,1)),"","ОГРН: неверная контрольная цифра")))) | M13: =IF(TRIM(E13)="","КПП не указан",IF(LEN(E13)<>9,"КПП: должно быть 9 знаков",IF(NOT(AND(ISNUMBER(IFERROR(VALUE(LEFT(E13,4)),"x")),ISNUMBER(IFERROR(VALUE(RIGHT(E13,3)),"x")))),"КПП: неверный формат",IF(LEFT(E13,2)<>LEFT(C13,2),"КПП: код региона не совпадает с ИНН","")))) | N13: =IF(TRIM(C13)="","",IF(COUNTIF($C$2:$C$401,C13)>1,"Дубликат ИНН в реестре","")) | O13: =IF(TRIM(H13)="","Email не указан",IF(AND(ISNUMBER(FIND("@",H13)),ISNUMBER(FIND(".",H13,IFERROR(FIND("@",H13),1))),ISERROR(FIND(" ",H13)),LEFT(H13,1)<>"@",RIGHT(H13,1)<>".",LEN(H13)-LEN(SUBSTITUTE(H13,"@",""))=1),"","Email: неверный формат")) -> Email: неверный формат | P13: =IF(TRIM(I13)="","Телефон не указан",IF(AND(LEN(SUBSTITUTE(SUBSTITUTE(SUBSTITUTE(SUBSTITUTE(SUBSTITUTE(I13," ",""),"-",""),"(",""),")",""),"+",""))=11,OR(LEFT(SUBSTITUTE(SUBSTITUTE(SUBSTITUTE(SUBSTITUTE(SUBSTITUTE(I13," ",""),"-",""),"(",""),")",""),"+",""),1)="7",LEFT(SUBSTITUTE(SUBSTITUTE(SUBSTITUTE(SUBSTITUTE(SUBSTITUTE(I13," ",""),"-",""),"(",""),")",""),"+",""),1)="8"),ISNUMBER(IFERROR(VALUE(SUBSTITUTE(SUBSTITUTE(SUBSTITUTE(SUBSTITUTE(SUBSTITUTE(I13," ",""),"-",""),"(",""),")",""),"+","")),"x"))),"","Телефон: неверный формат")) | Q13: =TRIM(IF(TRIM(B13)="","Нет наименования. ","")&IF(TRIM(F13)="","Нет адреса. ","")&IF(TRIM(G13)="","Нет контактного лица.","")) | R13: =SUMPRODUCT(--(LEN(K13:Q13)>0)) -> 1 | S13: =IF(R13=0,"Готово к передаче","Требует исправления") -> Требует исправления | T13: =IF(R13=0,"",_xlfn.TEXTJOIN("; ",TRUE(),K13:Q13)) -> Email: неверный формат | U13: =IF(R13=0,"","Здравствуйте! В данных организации «"&B13&"» обнаружены ошибки: "&T13&". Просим проверить и прислать исправленную информацию.") -> Здравствуйте! В данных организации «ООО «Эталон Технологии»» обнаружены ошибки: Email: неверный формат. Просим проверить и прислать исправленную информацию. | V13: =IF(R13>0,COUNTIF($R$2:R13,">0"),"") -> 4 | W13: =IF(R13=0,COUNTIF($R$2:R13,0),"")
A14: 13 | B14: ООО «Дельта Технологии» | C14: 5436174653 | D14: 1025418549892 | E14: 54360100 | F14: г. Новосибирск, ул. Набережная, д. 94, оф. 263 | G14: Степанова В. Т. | H14: office@delta-tekhnologii.example | I14: 8 383 5357843 | J14: =IFERROR(VLOOKUP(VALUE(LEFT(C14,2)),Справочники!$A$2:$B$16,2,FALSE()),"не определён") -> Новосибирская область | K14: =IF(TRIM(C14)="","ИНН не указан",IF(LEN(C14)<>10,"ИНН: должно быть 10 цифр",IF(NOT(ISNUMBER(IFERROR(VALUE(C14),"x"))),"ИНН: есть нецифровые символы",IF(MOD(MOD(SUMPRODUCT(--MID(C14,{1,2,3,4,5,6,7,8,9},1),{2,4,10,3,5,9,4,6,8}),11),10)=VALUE(RIGHT(C14,1)),"","ИНН: неверная контрольная цифра")))) | L14: =IF(TRIM(D14)="","ОГРН не указан",IF(LEN(D14)<>13,"ОГРН: должно быть 13 цифр",IF(NOT(ISNUMBER(IFERROR(VALUE(D14),"x"))),"ОГРН: есть нецифровые символы",IF(MOD(VALUE(LEFT(D14,12))-11*INT(VALUE(LEFT(D14,12))/11),10)=VALUE(RIGHT(D14,1)),"","ОГРН: неверная контрольная цифра")))) | M14: =IF(TRIM(E14)="","КПП не указан",IF(LEN(E14)<>9,"КПП: должно быть 9 знаков",IF(NOT(AND(ISNUMBER(IFERROR(VALUE(LEFT(E14,4)),"x")),ISNUMBER(IFERROR(VALUE(RIGHT(E14,3)),"x")))),"КПП: неверный формат",IF(LEFT(E14,2)<>LEFT(C14,2),"КПП: код региона не совпадает с ИНН","")))) -> КПП: должно быть 9 знаков | N14: =IF(TRIM(C14)="","",IF(COUNTIF($C$2:$C$401,C14)>1,"Дубликат ИНН в реестре","")) | O14: =IF(TRIM(H14)="","Email не указан",IF(AND(ISNUMBER(FIND("@",H14)),ISNUMBER(FIND(".",H14,IFERROR(FIND("@",H14),1))),ISERROR(FIND(" ",H14)),LEFT(H14,1)<>"@",RIGHT(H14,1)<>".",LEN(H14)-LEN(SUBSTITUTE(H14,"@",""))=1),"","Email: неверный формат")) | P14: =IF(TRIM(I14)="","Телефон не указан",IF(AND(LEN(SUBSTITUTE(SUBSTITUTE(SUBSTITUTE(SUBSTITUTE(SUBSTITUTE(I14," ",""),"-",""),"(",""),")",""),"+",""))=11,OR(LEFT(SUBSTITUTE(SUBSTITUTE(SUBSTITUTE(SUBSTITUTE(SUBSTITUTE(I14," ",""),"-",""),"(",""),")",""),"+",""),1)="7",LEFT(SUBSTITUTE(SUBSTITUTE(SUBSTITUTE(SUBSTITUTE(SUBSTITUTE(I14," ",""),"-",""),"(",""),")",""),"+",""),1)="8"),ISNUMBER(IFERROR(VALUE(SUBSTITUTE(SUBSTITUTE(SUBSTITUTE(SUBSTITUTE(SUBSTITUTE(I14," ",""),"-",""),"(",""),")",""),"+","")),"x"))),"","Телефон: неверный формат")) | Q14: =TRIM(IF(TRIM(B14)="","Нет наименования. ","")&IF(TRIM(F14)="","Нет адреса. ","")&IF(TRIM(G14)="","Нет контактного лица.","")) | R14: =SUMPRODUCT(--(LEN(K14:Q14)>0)) -> 1 | S14: =IF(R14=0,"Готово к передаче","Требует исправления") -> Требует исправления | T14: =IF(R14=0,"",_xlfn.TEXTJOIN("; ",TRUE(),K14:Q14)) -> КПП: должно быть 9 знаков | U14: =IF(R14=0,"","Здравствуйте! В данных организации «"&B14&"» обнаружены ошибки: "&T14&". Просим проверить и прислать исправленную информацию.") -> Здравствуйте! В данных организации «ООО «Дельта Технологии»» обнаружены ошибки: КПП: должно быть 9 знаков. Просим проверить и прислать исправленную информацию. | V14: =IF(R14>0,COUNTIF($R$2:R14,">0"),"") -> 5 | W14: =IF(R14=0,COUNTIF($R$2:R14,0),"")
A15: 14 | B15: АО «Вектор Групп» | C15: 9203843570 | D15: 5069202630030 | E15: 920301005 | F15: г. Севастополь, ул. Заводская, д. 26, оф. 189 | G15: Новикова С. М. | H15: mail@vektor-grupp.example | J15: =IFERROR(VLOOKUP(VALUE(LEFT(C15,2)),Справочники!$A$2:$B$16,2,FALSE()),"не определён") -> г. Севастополь | K15: =IF(TRIM(C15)="","ИНН не указан",IF(LEN(C15)<>10,"ИНН: должно быть 10 цифр",IF(NOT(ISNUMBER(IFERROR(VALUE(C15),"x"))),"ИНН: есть нецифровые символы",IF(MOD(MOD(SUMPRODUCT(--MID(C15,{1,2,3,4,5,6,7,8,9},1),{2,4,10,3,5,9,4,6,8}),11),10)=VALUE(RIGHT(C15,1)),"","ИНН: неверная контрольная цифра")))) | L15: =IF(TRIM(D15)="","ОГРН не указан",IF(LEN(D15)<>13,"ОГРН: должно быть 13 цифр",IF(NOT(ISNUMBER(IFERROR(VALUE(D15),"x"))),"ОГРН: есть нецифровые символы",IF(MOD(VALUE(LEFT(D15,12))-11*INT(VALUE(LEFT(D15,12))/11),10)=VALUE(RIGHT(D15,1)),"","ОГРН: неверная контрольная цифра")))) | M15: =IF(TRIM(E15)="","КПП не указан",IF(LEN(E15)<>9,"КПП: должно быть 9 знаков",IF(NOT(AND(ISNUMBER(IFERROR(VALUE(LEFT(E15,4)),"x")),ISNUMBER(IFERROR(VALUE(RIGHT(E15,3)),"x")))),"КПП: неверный формат",IF(LEFT(E15,2)<>LEFT(C15,2),"КПП: код региона не совпадает с ИНН","")))) | N15: =IF(TRIM(C15)="","",IF(COUNTIF($C$2:$C$401,C15)>1,"Дубликат ИНН в реестре","")) | O15: =IF(TRIM(H15)="","Email не указан",IF(AND(ISNUMBER(FIND("@",H15)),ISNUMBER(FIND(".",H15,IFERROR(FIND("@",H15),1))),ISERROR(FIND(" ",H15)),LEFT(H15,1)<>"@",RIGHT(H15,1)<>".",LEN(H15)-LEN(SUBSTITUTE(H15,"@",""))=1),"","Email: неверный формат")) | P15: =IF(TRIM(I15)="","Телефон не указан",IF(AND(LEN(SUBSTITUTE(SUBSTITUTE(SUBSTITUTE(SUBSTITUTE(SUBSTITUTE(I15," ",""),"-",""),"(",""),")",""),"+",""))=11,OR(LEFT(SUBSTITUTE(SUBSTITUTE(SUBSTITUTE(SUBSTITUTE(SUBSTITUTE(I15," ",""),"-",""),"(",""),")",""),"+",""),1)="7",LEFT(SUBSTITUTE(SUBSTITUTE(SUBSTITUTE(SUBSTITUTE(SUBSTITUTE(I15," ",""),"-",""),"(",""),")",""),"+",""),1)="8"),ISNUMBER(IFERROR(VALUE(SUBSTITUTE(SUBSTITUTE(SUBSTITUTE(SUBSTITUTE(SUBSTITUTE(I15," ",""),"-",""),"(",""),")",""),"+","")),"x"))),"","Телефон: неверный формат")) -> Телефон не указан | Q15: =TRIM(IF(TRIM(B15)="","Нет наименования. ","")&IF(TRIM(F15)="","Нет адреса. ","")&IF(TRIM(G15)="","Нет контактного лица.","")) | R15: =SUMPRODUCT(--(LEN(K15:Q15)>0)) -> 1 | S15: =IF(R15=0,"Готово к передаче","Требует исправления") -> Требует исправления | T15: =IF(R15=0,"",_xlfn.TEXTJOIN("; ",TRUE(),K15:Q15)) -> Телефон не указан | U15: =IF(R15=0,"","Здравствуйте! В данных организации «"&B15&"» обнаружены ошибки: "&T15&". Просим проверить и прислать исправленную информацию.") -> Здравствуйте! В данных организации «АО «Вектор Групп»» обнаружены ошибки: Телефон не указан. Просим проверить и прислать исправленную информацию. | V15: =IF(R15>0,COUNTIF($R$2:R15,">0"),"") -> 6 | W15: =IF(R15=0,COUNTIF($R$2:R15,0),"")
A16: 15 | B16: ООО «Эталон Энерго» | C16: 6140118904 | D16: 5176121865805 | E16: 614001006 | F16: г. Ростов-на-Дону, ул. Советская, д. 10, оф. 288 | G16: Павлов М. Н. | H16: office@etalon-energo.example | I16: 8 863 5545828 | J16: =IFERROR(VLOOKUP(VALUE(LEFT(C16,2)),Справочники!$A$2:$B$16,2,FALSE()),"не определён") -> Ростовская область | K16: =IF(TRIM(C16)="","ИНН не указан",IF(LEN(C16)<>10,"ИНН: должно быть 10 цифр",IF(NOT(ISNUMBER(IFERROR(VALUE(C16),"x"))),"ИНН: есть нецифровые символы",IF(MOD(MOD(SUMPRODUCT(--MID(C16,{1,2,3,4,5,6,7,8,9},1),{2,4,10,3,5,9,4,6,8}),11),10)=VALUE(RIGHT(C16,1)),"","ИНН: неверная контрольная цифра")))) -> ИНН: неверная контрольная цифра | L16: =IF(TRIM(D16)="","ОГРН не указан",IF(LEN(D16)<>13,"ОГРН: должно быть 13 цифр",IF(NOT(ISNUMBER(IFERROR(VALUE(D16),"x"))),"ОГРН: есть нецифровые символы",IF(MOD(VALUE(LEFT(D16,12))-11*INT(VALUE(LEFT(D16,12))/11),10)=VALUE(RIGHT(D16,1)),"","ОГРН: неверная контрольная цифра")))) | M16: =IF(TRIM(E16)="","КПП не указан",IF(LEN(E16)<>9,"КПП: должно быть 9 знаков",IF(NOT(AND(ISNUMBER(IFERROR(VALUE(LEFT(E16,4)),"x")),ISNUMBER(IFERROR(VALUE(RIGHT(E16,3)),"x")))),"КПП: неверный формат",IF(LEFT(E16,2)<>LEFT(C16,2),"КПП: код региона не совпадает с ИНН","")))) | N16: =IF(TRIM(C16)="","",IF(COUNTIF($C$2:$C$401,C16)>1,"Дубликат ИНН в реестре","")) | O16: =IF(TRIM(H16)="","Email не указан",IF(AND(ISNUMBER(FIND("@",H16)),ISNUMBER(FIND(".",H16,IFERROR(FIND("@",H16),1))),ISERROR(FIND(" ",H16)),LEFT(H16,1)<>"@",RIGHT(H16,1)<>".",LEN(H16)-LEN(SUBSTITUTE(H16,"@",""))=1),"","Email: неверный формат")) | P16: =IF(TRIM(I16)="","Телефон не указан",IF(AND(LEN(SUBSTITUTE(SUBSTITUTE(SUBSTITUTE(SUBSTITUTE(SUBSTITUTE(I16," ",""),"-",""),"(",""),")",""),"+",""))=11,OR(LEFT(SUBSTITUTE(SUBSTITUTE(SUBSTITUTE(SUBSTITUTE(SUBSTITUTE(I16," ",""),"-",""),"(",""),")",""),"+",""),1)="7",LEFT(SUBSTITUTE(SUBSTITUTE(SUBSTITUTE(SUBSTITUTE(SUBSTITUTE(I16," ",""),"-",""),"(",""),")",""),"+",""),1)="8"),ISNUMBER(IFERROR(VALUE(SUBSTITUTE(SUBSTITUTE(SUBSTITUTE(SUBSTITUTE(SUBSTITUTE(I16," ",""),"-",""),"(",""),")",""),"+","")),"x"))),"","Телефон: неверный формат")) | Q16: =TRIM(IF(TRIM(B16)="","Нет наименования. ","")&IF(TRIM(F16)="","Нет адреса. ","")&IF(TRIM(G16)="","Нет контактного лица.","")) | R16: =SUMPRODUCT(--(LEN(K16:Q16)>0)) -> 1 | S16: =IF(R16=0,"Готово к передаче","Требует исправления") -> Требует исправления | T16: =IF(R16=0,"",_xlfn.TEXTJOIN("; ",TRUE(),K16:Q16)) -> ИНН: неверная контрольная цифра | U16: =IF(R16=0,"","Здравствуйте! В данных организации «"&B16&"» обнаружены ошибки: "&T16&". Просим проверить и прислать исправленную информацию.") -> Здравствуйте! В данных организации «ООО «Эталон Энерго»» обнаружены ошибки: ИНН: неверная контрольная цифра. Просим проверить и прислать исправленную информацию. | V16: =IF(R16>0,COUNTIF($R$2:R16,">0"),"") -> 7 | W16: =IF(R16=0,COUNTIF($R$2:R16,0),"")
A17: 16 | B17: ООО «Навигатор Сервис» | C17: 1633690191 | D17: 1181614354789 | E17: 163343003 | F17: г. Казань, ул. Набережная, д. 87, оф. 167 | G17: Иванова И. О. | H17: mail@navigator-servis.example | I17: +78435761425 | J17: =IFERROR(VLOOKUP(VALUE(LEFT(C17,2)),Справочники!$A$2:$B$16,2,FALSE()),"не определён") -> Республика Татарстан | K17: =IF(TRIM(C17)="","ИНН не указан",IF(LEN(C17)<>10,"ИНН: должно быть 10 цифр",IF(NOT(ISNUMBER(IFERROR(VALUE(C17),"x"))),"ИНН: есть нецифровые символы",IF(MOD(MOD(SUMPRODUCT(--MID(C17,{1,2,3,4,5,6,7,8,9},1),{2,4,10,3,5,9,4,6,8}),11),10)=VALUE(RIGHT(C17,1)),"","ИНН: неверная контрольная цифра")))) | L17: =IF(TRIM(D17)="","ОГРН не указан",IF(LEN(D17)<>13,"ОГРН: должно быть 13 цифр",IF(NOT(ISNUMBER(IFERROR(VALUE(D17),"x"))),"ОГРН: есть нецифровые символы",IF(MOD(VALUE(LEFT(D17,12))-11*INT(VALUE(LEFT(D17,12))/11),10)=VALUE(RIGHT(D17,1)),"","ОГРН: неверная контрольная цифра")))) | M17: =IF(TRIM(E17)="","КПП не указан",IF(LEN(E17)<>9,"КПП: должно быть 9 знаков",IF(NOT(AND(ISNUMBER(IFERROR(VALUE(LEFT(E17,4)),"x")),ISNUMBER(IFERROR(VALUE(RIGHT(E17,3)),"x")))),"КПП: неверный формат",IF(LEFT(E17,2)<>LEFT(C17,2),"КПП: код региона не совпадает с ИНН","")))) | N17: =IF(TRIM(C17)="","",IF(COUNTIF($C$2:$C$401,C17)>1,"Дубликат ИНН в реестре","")) | O17: =IF(TRIM(H17)="","Email не указан",IF(AND(ISNUMBER(FIND("@",H17)),ISNUMBER(FIND(".",H17,IFERROR(FIND("@",H17),1))),ISERROR(FIND(" ",H17)),LEFT(H17,1)<>"@",RIGHT(H17,1)<>".",LEN(H17)-LEN(SUBSTITUTE(H17,"@",""))=1),"","Email: неверный формат")) | P17: =IF(TRIM(I17)="","Телефон не указан",IF(AND(LEN(SUBSTITUTE(SUBSTITUTE(SUBSTITUTE(SUBSTITUTE(SUBSTITUTE(I17," ",""),"-",""),"(",""),")",""),"+",""))=11,OR(LEFT(SUBSTITUTE(SUBSTITUTE(SUBSTITUTE(SUBSTITUTE(SUBSTITUTE(I17," ",""),"-",""),"(",""),")",""),"+",""),1)="7",LEFT(SUBSTITUTE(SUBSTITUTE(SUBSTITUTE(SUBSTITUTE(SUBSTITUTE(I17," ",""),"-",""),"(",""),")",""),"+",""),1)="8"),ISNUMBER(IFERROR(VALUE(SUBSTITUTE(SUBSTITUTE(SUBSTITUTE(SUBSTITUTE(SUBSTITUTE(I17," ",""),"-",""),"(",""),")",""),"+","")),"x"))),"","Телефон: неверный формат")) | Q17: =TRIM(IF(TRIM(B17)="","Нет наименования. ","")&IF(TRIM(F17)="","Нет адреса. ","")&IF(TRIM(G17)="","Нет контактного лица.","")) | R17: =SUMPRODUCT(--(LEN(K17:Q17)>0)) -> 0 | S17: =IF(R17=0,"Готово к передаче","Требует исправления") -> Готово к передаче | T17: =IF(R17=0,"",_xlfn.TEXTJOIN("; ",TRUE(),K17:Q17)) | U17: =IF(R17=0,"","Здравствуйте! В данных организации «"&B17&"» обнаружены ошибки: "&T17&". Просим проверить и прислать исправленную информацию.") | V17: =IF(R17>0,COUNTIF($R$2:R17,">0"),"") | W17: =IF(R17=0,COUNTIF($R$2:R17,0),"") -> 9
A18: 17 | B18: ООО «Импульс Фуд» | C18: 7843045О55 | D18: 5117812182439 | E18: 784301009 | F18: г. Санкт-Петербург, ул. Победы, д. 46, оф. 66 | G18: Попова Т. А. | H18: zakaz@impuls-fud.example | I18: +7 (812) 521-33-98 | J18: =IFERROR(VLOOKUP(VALUE(LEFT(C18,2)),Справочники!$A$2:$B$16,2,FALSE()),"не определён") -> г. Санкт-Петербург | K18: =IF(TRIM(C18)="","ИНН не указан",IF(LEN(C18)<>10,"ИНН: должно быть 10 цифр",IF(NOT(ISNUMBER(IFERROR(VALUE(C18),"x"))),"ИНН: есть нецифровые символы",IF(MOD(MOD(SUMPRODUCT(--MID(C18,{1,2,3,4,5,6,7,8,9},1),{2,4,10,3,5,9,4,6,8}),11),10)=VALUE(RIGHT(C18,1)),"","ИНН: неверная контрольная цифра")))) -> ИНН: есть нецифровые символы | L18: =IF(TRIM(D18)="","ОГРН не указан",IF(LEN(D18)<>13,"ОГРН: должно быть 13 цифр",IF(NOT(ISNUMBER(IFERROR(VALUE(D18),"x"))),"ОГРН: есть нецифровые символы",IF(MOD(VALUE(LEFT(D18,12))-11*INT(VALUE(LEFT(D18,12))/11),10)=VALUE(RIGHT(D18,1)),"","ОГРН: неверная контрольная цифра")))) | M18: =IF(TRIM(E18)="","КПП не указан",IF(LEN(E18)<>9,"КПП: должно быть 9 знаков",IF(NOT(AND(ISNUMBER(IFERROR(VALUE(LEFT(E18,4)),"x")),ISNUMBER(IFERROR(VALUE(RIGHT(E18,3)),"x")))),"КПП: неверный формат",IF(LEFT(E18,2)<>LEFT(C18,2),"КПП: код региона не совпадает с ИНН","")))) | N18: =IF(TRIM(C18)="","",IF(COUNTIF($C$2:$C$401,C18)>1,"Дубликат ИНН в реестре","")) | O18: =IF(TRIM(H18)="","Email не указан",IF(AND(ISNUMBER(FIND("@",H18)),ISNUMBER(FIND(".",H18,IFERROR(FIND("@",H18),1))),ISERROR(FIND(" ",H18)),LEFT(H18,1)<>"@",RIGHT(H18,1)<>".",LEN(H18)-LEN(SUBSTITUTE(H18,"@",""))=1),"","Email: неверный формат")) | P18: =IF(TRIM(I18)="","Телефон не указан",IF(AND(LEN(SUBSTITUTE(SUBSTITUTE(SUBSTITUTE(SUBSTITUTE(SUBSTITUTE(I18," ",""),"-",""),"(",""),")",""),"+",""))=11,OR(LEFT(SUBSTITUTE(SUBSTITUTE(SUBSTITUTE(SUBSTITUTE(SUBSTITUTE(I18," ",""),"-",""),"(",""),")",""),"+",""),1)="7",LEFT(SUBSTITUTE(SUBSTITUTE(SUBSTITUTE(SUBSTITUTE(SUBSTITUTE(I18," ",""),"-",""),"(",""),")",""),"+",""),1)="8"),ISNUMBER(IFERROR(VALUE(SUBSTITUTE(SUBSTITUTE(SUBSTITUTE(SUBSTITUTE(SUBSTITUTE(I18," ",""),"-",""),"(",""),")",""),"+","")),"x"))),"","Телефон: неверный формат")) | Q18: =TRIM(IF(TRIM(B18)="","Нет наименования. ","")&IF(TRIM(F18)="","Нет адреса. ","")&IF(TRIM(G18)="","Нет контактного лица.","")) | R18: =SUMPRODUCT(--(LEN(K18:Q18)>0)) -> 1 | S18: =IF(R18=0,"Готово к передаче","Требует исправления") -> Требует исправления | T18: =IF(R18=0,"",_xlfn.TEXTJOIN("; ",TRUE(),K18:Q18)) -> ИНН: есть нецифровые символы | U18: =IF(R18=0,"","Здравствуйте! В данных организации «"&B18&"» обнаружены ошибки: "&T18&". Просим проверить и прислать исправленную информацию.") -> Здравствуйте! В данных организации «ООО «Импульс Фуд»» обнаружены ошибки: ИНН: есть нецифровые символы. Просим проверить и прислать исправленную информацию. | V18: =IF(R18>0,COUNTIF($R$2:R18,">0"),"") -> 8 | W18: =IF(R18=0,COUNTIF($R$2:R18,0),"")
A19: 18 | B19: АО «Горизонт Агро» | C19: 6620289584 | D19: 519660661032 | E19: 662043003 | F19: г. Екатеринбург, ул. Центральная, д. 19, оф. 261 | G19: Николаева В. А. | H19: info@gorizont-agro.example | I19: +73435370174 | J19: =IFERROR(VLOOKUP(VALUE(LEFT(C19,2)),Справочники!$A$2:$B$16,2,FALSE()),"не определён") -> Свердловская область | K19: =IF(TRIM(C19)="","ИНН не указан",IF(LEN(C19)<>10,"ИНН: должно быть 10 цифр",IF(NOT(ISNUMBER(IFERROR(VALUE(C19),"x"))),"ИНН: есть нецифровые символы",IF(MOD(MOD(SUMPRODUCT(--MID(C19,{1,2,3,4,5,6,7,8,9},1),{2,4,10,3,5,9,4,6,8}),11),10)=VALUE(RIGHT(C19,1)),"","ИНН: неверная контрольная цифра")))) | L19: =IF(TRIM(D19)="","ОГРН не указан",IF(LEN(D19)<>13,"ОГРН: должно быть 13 цифр",IF(NOT(ISNUMBER(IFERROR(VALUE(D19),"x"))),"ОГРН: есть нецифровые символы",IF(MOD(VALUE(LEFT(D19,12))-11*INT(VALUE(LEFT(D19,12))/11),10)=VALUE(RIGHT(D19,1)),"","ОГРН: неверная контрольная цифра")))) -> ОГРН: должно быть 13 цифр | M19: =IF(TRIM(E19)="","КПП не указан",IF(LEN(E19)<>9,"КПП: должно быть 9 знаков",IF(NOT(AND(ISNUMBER(IFERROR(VALUE(LEFT(E19,4)),"x")),ISNUMBER(IFERROR(VALUE(RIGHT(E19,3)),"x")))),"КПП: неверный формат",IF(LEFT(E19,2)<>LEFT(C19,2),"КПП: код региона не совпадает с ИНН","")))) | N19: =IF(TRIM(C19)="","",IF(COUNTIF($C$2:$C$401,C19)>1,"Дубликат ИНН в реестре","")) | O19: =IF(TRIM(H19)="","Email не указан",IF(AND(ISNUMBER(FIND("@",H19)),ISNUMBER(FIND(".",H19,IFERROR(FIND("@",H19),1))),ISERROR(FIND(" ",H19)),LEFT(H19,1)<>"@",RIGHT(H19,1)<>".",LEN(H19)-LEN(SUBSTITUTE(H19,"@",""))=1),"","Email: неверный формат")) | P19: =IF(TRIM(I19)="","Телефон не указан",IF(AND(LEN(SUBSTITUTE(SUBSTITUTE(SUBSTITUTE(SUBSTITUTE(SUBSTITUTE(I19," ",""),"-",""),"(",""),")",""),"+",""))=11,OR(LEFT(SUBSTITUTE(SUBSTITUTE(SUBSTITUTE(SUBSTITUTE(SUBSTITUTE(I19," ",""),"-",""),"(",""),")",""),"+",""),1)="7",LEFT(SUBSTITUTE(SUBSTITUTE(SUBSTITUTE(SUBSTITUTE(SUBSTITUTE(I19," ",""),"-",""),"(",""),")",""),"+",""),1)="8"),ISNUMBER(IFERROR(VALUE(SUBSTITUTE(SUBSTITUTE(SUBSTITUTE(SUBSTITUTE(SUBSTITUTE(I19," ",""),"-",""),"(",""),")",""),"+","")),"x"))),"","Телефон: неверный формат")) | Q19: =TRIM(IF(TRIM(B19)="","Нет наименования. ","")&IF(TRIM(F19)="","Нет адреса. ","")&IF(TRIM(G19)="","Нет контактного лица.","")) | R19: =SUMPRODUCT(--(LEN(K19:Q19)>0)) -> 1 | S19: =IF(R19=0,"Готово к передаче","Требует исправления") -> Требует исправления | T19: =IF(R19=0,"",_xlfn.TEXTJOIN("; ",TRUE(),K19:Q19)) -> ОГРН: должно быть 13 цифр | U19: =IF(R19=0,"","Здравствуйте! В данных организации «"&B19&"» обнаружены ошибки: "&T19&". Просим проверить и прислать исправленную информацию.") -> Здравствуйте! В данных организации «АО «Горизонт Агро»» обнаружены ошибки: ОГРН: должно быть 13 цифр. Просим проверить и прислать исправленную информацию. | V19: =IF(R19>0,COUNTIF($R$2:R19,">0"),"") -> 9 | W19: =IF(R19=0,COUNTIF($R$2:R19,0),"")
A20: 19 | B20: ООО «Эталон Торг» | C20: 6113118030 | D20: 5236128261408 | E20: 611301004 | F20: г. Ростов-на-Дону, ул. Парковая, д. 85, оф. 254 | G20: Морозов Е. В. | H20: office@etalon-torg.example | I20: +78635442470 | J20: =IFERROR(VLOOKUP(VALUE(LEFT(C20,2)),Справочники!$A$2:$B$16,2,FALSE()),"не определён") -> Ростовская область | K20: =IF(TRIM(C20)="","ИНН не указан",IF(LEN(C20)<>10,"ИНН: должно быть 10 цифр",IF(NOT(ISNUMBER(IFERROR(VALUE(C20),"x"))),"ИНН: есть нецифровые символы",IF(MOD(MOD(SUMPRODUCT(--MID(C20,{1,2,3,4,5,6,7,8,9},1),{2,4,10,3,5,9,4,6,8}),11),10)=VALUE(RIGHT(C20,1)),"","ИНН: неверная контрольная цифра")))) -> ИНН: неверная контрольная цифра | L20: =IF(TRIM(D20)="","ОГРН не указан",IF(LEN(D20)<>13,"ОГРН: должно быть 13 цифр",IF(NOT(ISNUMBER(IFERROR(VALUE(D20),"x"))),"ОГРН: есть нецифровые символы",IF(MOD(VALUE(LEFT(D20,12))-11*INT(VALUE(LEFT(D20,12))/11),10)=VALUE(RIGHT(D20,1)),"","ОГРН: неверная контрольная цифра")))) | M20: =IF(TRIM(E20)="","КПП не указан",IF(LEN(E20)<>9,"КПП: должно быть 9 знаков",IF(NOT(AND(ISNUMBER(IFERROR(VALUE(LEFT(E20,4)),"x")),ISNUMBER(IFERROR(VALUE(RIGHT(E20,3)),"x")))),"КПП: неверный формат",IF(LEFT(E20,2)<>LEFT(C20,2),"КПП: код региона не совпадает с ИНН","")))) | N20: =IF(TRIM(C20)="","",IF(COUNTIF($C$2:$C$401,C20)>1,"Дубликат ИНН в реестре","")) | O20: =IF(TRIM(H20)="","Email не указан",IF(AND(ISNUMBER(FIND("@",H20)),ISNUMBER(FIND(".",H20,IFERROR(FIND("@",H20),1))),ISERROR(FIND(" ",H20)),LEFT(H20,1)<>"@",RIGHT(H20,1)<>".",LEN(H20)-LEN(SUBSTITUTE(H20,"@",""))=1),"","Email: неверный формат")) | P20: =IF(TRIM(I20)="","Телефон не указан",IF(AND(LEN(SUBSTITUTE(SUBSTITUTE(SUBSTITUTE(SUBSTITUTE(SUBSTITUTE(I20," ",""),"-",""),"(",""),")",""),"+",""))=11,OR(LEFT(SUBSTITUTE(SUBSTITUTE(SUBSTITUTE(SUBSTITUTE(SUBSTITUTE(I20," ",""),"-",""),"(",""),")",""),"+",""),1)="7",LEFT(SUBSTITUTE(SUBSTITUTE(SUBSTITUTE(SUBSTITUTE(SUBSTITUTE(I20," ",""),"-",""),"(",""),")",""),"+",""),1)="8"),ISNUMBER(IFERROR(VALUE(SUBSTITUTE(SUBSTITUTE(SUBSTITUTE(SUBSTITUTE(SUBSTITUTE(I20," ",""),"-",""),"(",""),")",""),"+","")),"x"))),"","Телефон: неверный формат")) | Q20: =TRIM(IF(TRIM(B20)="","Нет наименования. ","")&IF(TRIM(F20)="","Нет адреса. ","")&IF(TRIM(G20)="","Нет контактного лица.","")) | R20: =SUMPRODUCT(--(LEN(K20:Q20)>0)) -> 1 | S20: =IF(R20=0,"Готово к передаче","Требует исправления") -> Требует исправления | T20: =IF(R20=0,"",_xlfn.TEXTJOIN("; ",TRUE(),K20:Q20)) -> ИНН: неверная контрольная цифра | U20: =IF(R20=0,"","Здравствуйте! В данных организации «"&B20&"» обнаружены ошибки: "&T20&". Просим проверить и прислать исправленную информацию.") -> Здравствуйте! В данных организации «ООО «Эталон Торг»» обнаружены ошибки: ИНН: неверная контрольная цифра. Просим проверить и прислать исправленную информацию. | V20: =IF(R20>0,COUNTIF($R$2:R20,">0"),"") -> 10 | W20: =IF(R20=0,COUNTIF($R$2:R20,0),"")
A21: 20 | B21: ООО «Радуга Логистик» | C21: 5039631511 | D21: 1085048256171 | E21: 503901002 | F21: г. Красногорск, ул. Центральная, д. 92, оф. 81 | G21: Соколов Н. В. | H21: info@raduga-logistik.example | I21: 8 498 5454648 | J21: =IFERROR(VLOOKUP(VALUE(LEFT(C21,2)),Справочники!$A$2:$B$16,2,FALSE()),"не определён") -> Московская область | K21: =IF(TRIM(C21)="","ИНН не указан",IF(LEN(C21)<>10,"ИНН: должно быть 10 цифр",IF(NOT(ISNUMBER(IFERROR(VALUE(C21),"x"))),"ИНН: есть нецифровые символы",IF(MOD(MOD(SUMPRODUCT(--MID(C21,{1,2,3,4,5,6,7,8,9},1),{2,4,10,3,5,9,4,6,8}),11),10)=VALUE(RIGHT(C21,1)),"","ИНН: неверная контрольная цифра")))) | L21: =IF(TRIM(D21)="","ОГРН не указан",IF(LEN(D21)<>13,"ОГРН: должно быть 13 цифр",IF(NOT(ISNUMBER(IFERROR(VALUE(D21),"x"))),"ОГРН: есть нецифровые символы",IF(MOD(VALUE(LEFT(D21,12))-11*INT(VALUE(LEFT(D21,12))/11),10)=VALUE(RIGHT(D21,1)),"","ОГРН: неверная контрольная цифра")))) | M21: =IF(TRIM(E21)="","КПП не указан",IF(LEN(E21)<>9,"КПП: должно быть 9 знаков",IF(NOT(AND(ISNUMBER(IFERROR(VALUE(LEFT(E21,4)),"x")),ISNUMBER(IFERROR(VALUE(RIGHT(E21,3)),"x")))),"КПП: неверный формат",IF(LEFT(E21,2)<>LEFT(C21,2),"КПП: код региона не совпадает с ИНН","")))) | N21: =IF(TRIM(C21)="","",IF(COUNTIF($C$2:$C$401,C21)>1,"Дубликат ИНН в реестре","")) | O21: =IF(TRIM(H21)="","Email не указан",IF(AND(ISNUMBER(FIND("@",H21)),ISNUMBER(FIND(".",H21,IFERROR(FIND("@",H21),1))),ISERROR(FIND(" ",H21)),LEFT(H21,1)<>"@",RIGHT(H21,1)<>".",LEN(H21)-LEN(SUBSTITUTE(H21,"@",""))=1),"","Email: неверный формат")) | P21: =IF(TRIM(I21)="","Телефон не указан",IF(AND(LEN(SUBSTITUTE(SUBSTITUTE(SUBSTITUTE(SUBSTITUTE(SUBSTITUTE(I21," ",""),"-",""),"(",""),")",""),"+",""))=11,OR(LEFT(SUBSTITUTE(SUBSTITUTE(SUBSTITUTE(SUBSTITUTE(SUBSTITUTE(I21," ",""),"-",""),"(",""),")",""),"+",""),1)="7",LEFT(SUBSTITUTE(SUBSTITUTE(SUBSTITUTE(SUBSTITUTE(SUBSTITUTE(I21," ",""),"-",""),"(",""),")",""),"+",""),1)="8"),ISNUMBER(IFERROR(VALUE(SUBSTITUTE(SUBSTITUTE(SUBSTITUTE(SUBSTITUTE(SUBSTITUTE(I21," ",""),"-",""),"(",""),")",""),"+","")),"x"))),"","Телефон: неверный формат")) | Q21: =TRIM(IF(TRIM(B21)="","Нет наименования. ","")&IF(TRIM(F21)="","Нет адреса. ","")&IF(TRIM(G21)="","Нет контактного лица.","")) | R21: =SUMPRODUCT(--(LEN(K21:Q21)>0)) -> 0 | S21: =IF(R21=0,"Готово к передаче","Требует исправления") -> Готово к передаче | T21: =IF(R21=0,"",_xlfn.TEXTJOIN("; ",TRUE(),K21:Q21)) | U21: =IF(R21=0,"","Здравствуйте! В данных организации «"&B21&"» обнаружены ошибки: "&T21&". Просим проверить и прислать исправленную информацию.") | V21: =IF(R21>0,COUNTIF($R$2:R21,">0"),"") | W21: =IF(R21=0,COUNTIF($R$2:R21,0),"") -> 10
A22: 21 | B22: ООО «Альфа Энерго» | C22: 7701624659 | D22: 5107723639854 | E22: 770101002 | F22: г. Москва, ул. Советская, д. 72, оф. 114 | G22: Новикова С. О. | H22: mail@alfa-energo.example | I22: +7 (495) 558-58-87 | J22: =IFERROR(VLOOKUP(VALUE(LEFT(C22,2)),Справочники!$A$2:$B$16,2,FALSE()),"не определён") -> г. Москва | K22: =IF(TRIM(C22)="","ИНН не указан",IF(LEN(C22)<>10,"ИНН: должно быть 10 цифр",IF(NOT(ISNUMBER(IFERROR(VALUE(C22),"x"))),"ИНН: есть нецифровые символы",IF(MOD(MOD(SUMPRODUCT(--MID(C22,{1,2,3,4,5,6,7,8,9},1),{2,4,10,3,5,9,4,6,8}),11),10)=VALUE(RIGHT(C22,1)),"","ИНН: неверная контрольная цифра")))) | L22: =IF(TRIM(D22)="","ОГРН не указан",IF(LEN(D22)<>13,"ОГРН: должно быть 13 цифр",IF(NOT(ISNUMBER(IFERROR(VALUE(D22),"x"))),"ОГРН: есть нецифровые символы",IF(MOD(VALUE(LEFT(D22,12))-11*INT(VALUE(LEFT(D22,12))/11),10)=VALUE(RIGHT(D22,1)),"","ОГРН: неверная контрольная цифра")))) | M22: =IF(TRIM(E22)="","КПП не указан",IF(LEN(E22)<>9,"КПП: должно быть 9 знаков",IF(NOT(AND(ISNUMBER(IFERROR(VALUE(LEFT(E22,4)),"x")),ISNUMBER(IFERROR(VALUE(RIGHT(E22,3)),"x")))),"КПП: неверный формат",IF(LEFT(E22,2)<>LEFT(C22,2),"КПП: код региона не совпадает с ИНН","")))) | N22: =IF(TRIM(C22)="","",IF(COUNTIF($C$2:$C$401,C22)>1,"Дубликат ИНН в реестре","")) -> Дубликат ИНН в реестре | O22: =IF(TRIM(H22)="","Email не указан",IF(AND(ISNUMBER(FIND("@",H22)),ISNUMBER(FIND(".",H22,IFERROR(FIND("@",H22),1))),ISERROR(FIND(" ",H22)),LEFT(H22,1)<>"@",RIGHT(H22,1)<>".",LEN(H22)-LEN(SUBSTITUTE(H22,"@",""))=1),"","Email: неверный формат")) | P22: =IF(TRIM(I22)="","Телефон не указан",IF(AND(LEN(SUBSTITUTE(SUBSTITUTE(SUBSTITUTE(SUBSTITUTE(SUBSTITUTE(I22," ",""),"-",""),"(",""),")",""),"+",""))=11,OR(LEFT(SUBSTITUTE(SUBSTITUTE(SUBSTITUTE(SUBSTITUTE(SUBSTITUTE(I22," ",""),"-",""),"(",""),")",""),"+",""),1)="7",LEFT(SUBSTITUTE(SUBSTITUTE(SUBSTITUTE(SUBSTITUTE(SUBSTITUTE(I22," ",""),"-",""),"(",""),")",""),"+",""),1)="8"),ISNUMBER(IFERROR(VALUE(SUBSTITUTE(SUBSTITUTE(SUBSTITUTE(SUBSTITUTE(SUBSTITUTE(I22," ",""),"-",""),"(",""),")",""),"+","")),"x"))),"","Телефон: неверный формат")) | Q22: =TRIM(IF(TRIM(B22)="","Нет наименования. ","")&IF(TRIM(F22)="","Нет адреса. ","")&IF(TRIM(G22)="","Нет контактного лица.","")) | R22: =SUMPRODUCT(--(LEN(K22:Q22)>0)) -> 1 | S22: =IF(R22=0,"Готово к передаче","Требует исправления") -> Требует исправления | T22: =IF(R22=0,"",_xlfn.TEXTJOIN("; ",TRUE(),K22:Q22)) -> Дубликат ИНН в реестре | U22: =IF(R22=0,"","Здравствуйте! В данных организации «"&B22&"» обнаружены ошибки: "&T22&". Просим проверить и прислать исправленную информацию.") -> Здравствуйте! В данных организации «ООО «Альфа Энерго»» обнаружены ошибки: Дубликат ИНН в реестре. Просим проверить и прислать исправленную информацию. | V22: =IF(R22>0,COUNTIF($R$2:R22,">0"),"") -> 11 | W22: =IF(R22=0,COUNTIF($R$2:R22,0),"")
A23: 22 | B23: ООО «Линия Логистик» | C23: 7430453439 | D23: 1107419048791 | E23: 743001001 | F23: г. Челябинск, ул. Мира, д. 68, оф. 232 | G23: Новиков Д. Н. | H23: sales@liniya-logistik.example | I23: 8 351 5839060 | J23: =IFERROR(VLOOKUP(VALUE(LEFT(C23,2)),Справочники!$A$2:$B$16,2,FALSE()),"не определён") -> Челябинская область | K23: =IF(TRIM(C23)="","ИНН не указан",IF(LEN(C23)<>10,"ИНН: должно быть 10 цифр",IF(NOT(ISNUMBER(IFERROR(VALUE(C23),"x"))),"ИНН: есть нецифровые символы",IF(MOD(MOD(SUMPRODUCT(--MID(C23,{1,2,3,4,5,6,7,8,9},1),{2,4,10,3,5,9,4,6,8}),11),10)=VALUE(RIGHT(C23,1)),"","ИНН: неверная контрольная цифра")))) | L23: =IF(TRIM(D23)="","ОГРН не указан",IF(LEN(D23)<>13,"ОГРН: должно быть 13 цифр",IF(NOT(ISNUMBER(IFERROR(VALUE(D23),"x"))),"ОГРН: есть нецифровые символы",IF(MOD(VALUE(LEFT(D23,12))-11*INT(VALUE(LEFT(D23,12))/11),10)=VALUE(RIGHT(D23,1)),"","ОГРН: неверная контрольная цифра")))) | M23: =IF(TRIM(E23)="","КПП не указан",IF(LEN(E23)<>9,"КПП: должно быть 9 знаков",IF(NOT(AND(ISNUMBER(IFERROR(VALUE(LEFT(E23,4)),"x")),ISNUMBER(IFERROR(VALUE(RIGHT(E23,3)),"x")))),"КПП: неверный формат",IF(LEFT(E23,2)<>LEFT(C23,2),"КПП: код региона не совпадает с ИНН","")))) | N23: =IF(TRIM(C23)="","",IF(COUNTIF($C$2:$C$401,C23)>1,"Дубликат ИНН в реестре","")) | O23: =IF(TRIM(H23)="","Email не указан",IF(AND(ISNUMBER(FIND("@",H23)),ISNUMBER(FIND(".",H23,IFERROR(FIND("@",H23),1))),ISERROR(FIND(" ",H23)),LEFT(H23,1)<>"@",RIGHT(H23,1)<>".",LEN(H23)-LEN(SUBSTITUTE(H23,"@",""))=1),"","Email: неверный формат")) | P23: =IF(TRIM(I23)="","Телефон не указан",IF(AND(LEN(SUBSTITUTE(SUBSTITUTE(SUBSTITUTE(SUBSTITUTE(SUBSTITUTE(I23," ",""),"-",""),"(",""),")",""),"+",""))=11,OR(LEFT(SUBSTITUTE(SUBSTITUTE(SUBSTITUTE(SUBSTITUTE(SUBSTITUTE(I23," ",""),"-",""),"(",""),")",""),"+",""),1)="7",LEFT(SUBSTITUTE(SUBSTITUTE(SUBSTITUTE(SUBSTITUTE(SUBSTITUTE(I23," ",""),"-",""),"(",""),")",""),"+",""),1)="8"),ISNUMBER(IFERROR(VALUE(SUBSTITUTE(SUBSTITUTE(SUBSTITUTE(SUBSTITUTE(SUBSTITUTE(I23," ",""),"-",""),"(",""),")",""),"+","")),"x"))),"","Телефон: неверный формат")) | Q23: =TRIM(IF(TRIM(B23)="","Нет наименования. ","")&IF(TRIM(F23)="","Нет адреса. ","")&IF(TRIM(G23)="","Нет контактного лица.","")) | R23: =SUMPRODUCT(--(LEN(K23:Q23)>0)) -> 0 | S23: =IF(R23=0,"Готово к передаче","Требует исправления") -> Готово к передаче | T23: =IF(R23=0,"",_xlfn.TEXTJOIN("; ",TRUE(),K23:Q23)) | U23: =IF(R23=0,"","Здравствуйте! В данных организации «"&B23&"» обнаружены ошибки: "&T23&". Просим проверить и прислать исправленную информацию.") | V23: =IF(R23>0,COUNTIF($R$2:R23,">0"),"") | W23: =IF(R23=0,COUNTIF($R$2:R23,0),"") -> 11
A24: 23 | B24: ООО «Берег Принт» | C24: 1624830910 | E24: 160701001 | F24: г. Казань, ул. Победы, д. 10, оф. 267 | G24: Попов Е. А. | H24: info@bereg-print.example | I24: +7 (843) 593-52-29 | J24: =IFERROR(VLOOKUP(VALUE(LEFT(C24,2)),Справочники!$A$2:$B$16,2,FALSE()),"не определён") -> Республика Татарстан | K24: =IF(TRIM(C24)="","ИНН не указан",IF(LEN(C24)<>10,"ИНН: должно быть 10 цифр",IF(NOT(ISNUMBER(IFERROR(VALUE(C24),"x"))),"ИНН: есть нецифровые символы",IF(MOD(MOD(SUMPRODUCT(--MID(C24,{1,2,3,4,5,6,7,8,9},1),{2,4,10,3,5,9,4,6,8}),11),10)=VALUE(RIGHT(C24,1)),"","ИНН: неверная контрольная цифра")))) | L24: =IF(TRIM(D24)="","ОГРН не указан",IF(LEN(D24)<>13,"ОГРН: должно быть 13 цифр",IF(NOT(ISNUMBER(IFERROR(VALUE(D24),"x"))),"ОГРН: есть нецифровые символы",IF(MOD(VALUE(LEFT(D24,12))-11*INT(VALUE(LEFT(D24,12))/11),10)=VALUE(RIGHT(D24,1)),"","ОГРН: неверная контрольная цифра")))) -> ОГРН не указан | M24: =IF(TRIM(E24)="","КПП не указан",IF(LEN(E24)<>9,"КПП: должно быть 9 знаков",IF(NOT(AND(ISNUMBER(IFERROR(VALUE(LEFT(E24,4)),"x")),ISNUMBER(IFERROR(VALUE(RIGHT(E24,3)),"x")))),"КПП: неверный формат",IF(LEFT(E24,2)<>LEFT(C24,2),"КПП: код региона не совпадает с ИНН","")))) | N24: =IF(TRIM(C24)="","",IF(COUNTIF($C$2:$C$401,C24)>1,"Дубликат ИНН в реестре","")) -> Дубликат ИНН в реестре | O24: =IF(TRIM(H24)="","Email не указан",IF(AND(ISNUMBER(FIND("@",H24)),ISNUMBER(FIND(".",H24,IFERROR(FIND("@",H24),1))),ISERROR(FIND(" ",H24)),LEFT(H24,1)<>"@",RIGHT(H24,1)<>".",LEN(H24)-LEN(SUBSTITUTE(H24,"@",""))=1),"","Email: неверный формат")) | P24: =IF(TRIM(I24)="","Телефон не указан",IF(AND(LEN(SUBSTITUTE(SUBSTITUTE(SUBSTITUTE(SUBSTITUTE(SUBSTITUTE(I24," ",""),"-",""),"(",""),")",""),"+",""))=11,OR(LEFT(SUBSTITUTE(SUBSTITUTE(SUBSTITUTE(SUBSTITUTE(SUBSTITUTE(I24," ",""),"-",""),"(",""),")",""),"+",""),1)="7",LEFT(SUBSTITUTE(SUBSTITUTE(SUBSTITUTE(SUBSTITUTE(SUBSTITUTE(I24," ",""),"-",""),"(",""),")",""),"+",""),1)="8"),ISNUMBER(IFERROR(VALUE(SUBSTITUTE(SUBSTITUTE(SUBSTITUTE(SUBSTITUTE(SUBSTITUTE(I24," ",""),"-",""),"(",""),")",""),"+","")),"x"))),"","Телефон: неверный формат")) | Q24: =TRIM(IF(TRIM(B24)="","Нет наименования. ","")&IF(TRIM(F24)="","Нет адреса. ","")&IF(TRIM(G24)="","Нет контактного лица.","")) | R24: =SUMPRODUCT(--(LEN(K24:Q24)>0)) -> 2 | S24: =IF(R24=0,"Готово к передаче","Требует исправления") -> Требует исправления | T24: =IF(R24=0,"",_xlfn.TEXTJOIN("; ",TRUE(),K24:Q24)) -> ОГРН не указан; Дубликат ИНН в реестре | U24: =IF(R24=0,"","Здравствуйте! В данных организации «"&B24&"» обнаружены ошибки: "&T24&". Просим проверить и прислать исправленную информацию.") -> Здравствуйте! В данных организации «ООО «Берег Принт»» обнаружены ошибки: ОГРН не указан; Дубликат ИНН в реестре. Просим проверить и прислать исправленную информацию. | V24: =IF(R24>0,COUNTIF($R$2:R24,">0"),"") -> 12 | W24: =IF(R24=0,COUNTIF($R$2:R24,0),"")
A25: 24 | B25: АО «Гранит Сервис» | C25: 92270541103 | D25: 5099239241547 | E25: 922743004 | F25: г. Севастополь, ул. Мира, д. 76, оф. 244 | G25: Михайлова В. С. | H25: sales@granit-servis.example | I25: +7 (869) 548-71-77 | J25: =IFERROR(VLOOKUP(VALUE(LEFT(C25,2)),Справочники!$A$2:$B$16,2,FALSE()),"не определён") -> г. Севастополь | K25: =IF(TRIM(C25)="","ИНН не указан",IF(LEN(C25)<>10,"ИНН: должно быть 10 цифр",IF(NOT(ISNUMBER(IFERROR(VALUE(C25),"x"))),"ИНН: есть нецифровые символы",IF(MOD(MOD(SUMPRODUCT(--MID(C25,{1,2,3,4,5,6,7,8,9},1),{2,4,10,3,5,9,4,6,8}),11),10)=VALUE(RIGHT(C25,1)),"","ИНН: неверная контрольная цифра")))) -> ИНН: должно быть 10 цифр | L25: =IF(TRIM(D25)="","ОГРН не указан",IF(LEN(D25)<>13,"ОГРН: должно быть 13 цифр",IF(NOT(ISNUMBER(IFERROR(VALUE(D25),"x"))),"ОГРН: есть нецифровые символы",IF(MOD(VALUE(LEFT(D25,12))-11*INT(VALUE(LEFT(D25,12))/11),10)=VALUE(RIGHT(D25,1)),"","ОГРН: неверная контрольная цифра")))) | M25: =IF(TRIM(E25)="","КПП не указан",IF(LEN(E25)<>9,"КПП: должно быть 9 знаков",IF(NOT(AND(ISNUMBER(IFERROR(VALUE(LEFT(E25,4)),"x")),ISNUMBER(IFERROR(VALUE(RIGHT(E25,3)),"x")))),"КПП: неверный формат",IF(LEFT(E25,2)<>LEFT(C25,2),"КПП: код региона не совпадает с ИНН","")))) | N25: =IF(TRIM(C25)="","",IF(COUNTIF($C$2:$C$401,C25)>1,"Дубликат ИНН в реестре","")) | O25: =IF(TRIM(H25)="","Email не указан",IF(AND(ISNUMBER(FIND("@",H25)),ISNUMBER(FIND(".",H25,IFERROR(FIND("@",H25),1))),ISERROR(FIND(" ",H25)),LEFT(H25,1)<>"@",RIGHT(H25,1)<>".",LEN(H25)-LEN(SUBSTITUTE(H25,"@",""))=1),"","Email: неверный формат")) | P25: =IF(TRIM(I25)="","Телефон не указан",IF(AND(LEN(SUBSTITUTE(SUBSTITUTE(SUBSTITUTE(SUBSTITUTE(SUBSTITUTE(I25," ",""),"-",""),"(",""),")",""),"+",""))=11,OR(LEFT(SUBSTITUTE(SUBSTITUTE(SUBSTITUTE(SUBSTITUTE(SUBSTITUTE(I25," ",""),"-",""),"(",""),")",""),"+",""),1)="7",LEFT(SUBSTITUTE(SUBSTITUTE(SUBSTITUTE(SUBSTITUTE(SUBSTITUTE(I25," ",""),"-",""),"(",""),")",""),"+",""),1)="8"),ISNUMBER(IFERROR(VALUE(SUBSTITUTE(SUBSTITUTE(SUBSTITUTE(SUBSTITUTE(SUBSTITUTE(I25," ",""),"-",""),"(",""),")",""),"+","")),"x"))),"","Телефон: неверный формат")) | Q25: =TRIM(IF(TRIM(B25)="","Нет наименования. ","")&IF(TRIM(F25)="","Нет адреса. ","")&IF(TRIM(G25)="","Нет контактного лица.","")) | R25: =SUMPRODUCT(--(LEN(K25:Q25)>0)) -> 1 | S25: =IF(R25=0,"Готово к передаче","Требует исправления") -> Требует исправления | T25: =IF(R25=0,"",_xlfn.TEXTJOIN("; ",TRUE(),K25:Q25)) -> ИНН: должно быть 10 цифр | U25: =IF(R25=0,"","Здравствуйте! В данных организации «"&B25&"» обнаружены ошибки: "&T25&". Просим проверить и прислать исправленную информацию.") -> Здравствуйте! В данных организации «АО «Гранит Сервис»» обнаружены ошибки: ИНН: должно быть 10 цифр. Просим проверить и прислать исправленную информацию. | V25: =IF(R25>0,COUNTIF($R$2:R25,">0"),"") -> 13 | W25: =IF(R25=0,COUNTIF($R$2:R25,0),"")
A26: 25 | B26: ООО «Феникс Торг» | C26: 9116683346 | D26: 5109128963720 | E26: 911645001 | F26: г. Симферополь, ул. Центральная, д. 78, оф. 267 | G26: Павлова Е. М. | H26: office@feniks-torg.example | I26: +7 (365) 567-25-82 | J26: =IFERROR(VLOOKUP(VALUE(LEFT(C26,2)),Справочники!$A$2:$B$16,2,FALSE()),"не определён") -> Республика Крым | K26: =IF(TRIM(C26)="","ИНН не указан",IF(LEN(C26)<>10,"ИНН: должно быть 10 цифр",IF(NOT(ISNUMBER(IFERROR(VALUE(C26),"x"))),"ИНН: есть нецифровые символы",IF(MOD(MOD(SUMPRODUCT(--MID(C26,{1,2,3,4,5,6,7,8,9},1),{2,4,10,3,5,9,4,6,8}),11),10)=VALUE(RIGHT(C26,1)),"","ИНН: неверная контрольная цифра")))) -> ИНН: неверная контрольная цифра | L26: =IF(TRIM(D26)="","ОГРН не указан",IF(LEN(D26)<>13,"ОГРН: должно быть 13 цифр",IF(NOT(ISNUMBER(IFERROR(VALUE(D26),"x"))),"ОГРН: есть нецифровые символы",IF(MOD(VALUE(LEFT(D26,12))-11*INT(VALUE(LEFT(D26,12))/11),10)=VALUE(RIGHT(D26,1)),"","ОГРН: неверная контрольная цифра")))) | M26: =IF(TRIM(E26)="","КПП не указан",IF(LEN(E26)<>9,"КПП: должно быть 9 знаков",IF(NOT(AND(ISNUMBER(IFERROR(VALUE(LEFT(E26,4)),"x")),ISNUMBER(IFERROR(VALUE(RIGHT(E26,3)),"x")))),"КПП: неверный формат",IF(LEFT(E26,2)<>LEFT(C26,2),"КПП: код региона не совпадает с ИНН","")))) | N26: =IF(TRIM(C26)="","",IF(COUNTIF($C$2:$C$401,C26)>1,"Дубликат ИНН в реестре","")) | O26: =IF(TRIM(H26)="","Email не указан",IF(AND(ISNUMBER(FIND("@",H26)),ISNUMBER(FIND(".",H26,IFERROR(FIND("@",H26),1))),ISERROR(FIND(" ",H26)),LEFT(H26,1)<>"@",RIGHT(H26,1)<>".",LEN(H26)-LEN(SUBSTITUTE(H26,"@",""))=1),"","Email: неверный формат")) | P26: =IF(TRIM(I26)="","Телефон не указан",IF(AND(LEN(SUBSTITUTE(SUBSTITUTE(SUBSTITUTE(SUBSTITUTE(SUBSTITUTE(I26," ",""),"-",""),"(",""),")",""),"+",""))=11,OR(LEFT(SUBSTITUTE(SUBSTITUTE(SUBSTITUTE(SUBSTITUTE(SUBSTITUTE(I26," ",""),"-",""),"(",""),")",""),"+",""),1)="7",LEFT(SUBSTITUTE(SUBSTITUTE(SUBSTITUTE(SUBSTITUTE(SUBSTITUTE(I26," ",""),"-",""),"(",""),")",""),"+",""),1)="8"),ISNUMBER(IFERROR(VALUE(SUBSTITUTE(SUBSTITUTE(SUBSTITUTE(SUBSTITUTE(SUBSTITUTE(I26," ",""),"-",""),"(",""),")",""),"+","")),"x"))),"","Телефон: неверный формат")) | Q26: =TRIM(IF(TRIM(B26)="","Нет наименования. ","")&IF(TRIM(F26)="","Нет адреса. ","")&IF(TRIM(G26)="","Нет контактного лица.","")) | R26: =SUMPRODUCT(--(LEN(K26:Q26)>0)) -> 1 | S26: =IF(R26=0,"Готово к передаче","Требует исправления") -> Требует исправления | T26: =IF(R26=0,"",_xlfn.TEXTJOIN("; ",TRUE(),K26:Q26)) -> ИНН: неверная контрольная цифра | U26: =IF(R26=0,"","Здравствуйте! В данных организации «"&B26&"» обнаружены ошибки: "&T26&". Просим проверить и прислать исправленную информацию.") -> Здравствуйте! В данных организации «ООО «Феникс Торг»» обнаружены ошибки: ИНН: неверная контрольная цифра. Просим проверить и прислать исправленную информацию. | V26: =IF(R26>0,COUNTIF($R$2:R26,">0"),"") -> 14 | W26: =IF(R26=0,COUNTIF($R$2:R26,0),"")
A27: 26 | B27: ООО «Юпитер Трейд» | C27: 1630059492 | D27: 1091613066995 | E27: 162701003 | F27: г. Казань, ул. Набережная, д. 35, оф. 192 | G27: Семёнова Д. Д. | H27: info@yupiter-treid.example | I27: +78435740970 | J27: =IFERROR(VLOOKUP(VALUE(LEFT(C27,2)),Справочники!$A$2:$B$16,2,FALSE()),"не определён") -> Республика Татарстан | K27: =IF(TRIM(C27)="","ИНН не указан",IF(LEN(C27)<>10,"ИНН: должно быть 10 цифр",IF(NOT(ISNUMBER(IFERROR(VALUE(C27),"x"))),"ИНН: есть нецифровые символы",IF(MOD(MOD(SUMPRODUCT(--MID(C27,{1,2,3,4,5,6,7,8,9},1),{2,4,10,3,5,9,4,6,8}),11),10)=VALUE(RIGHT(C27,1)),"","ИНН: неверная контрольная цифра")))) | L27: =IF(TRIM(D27)="","ОГРН не указан",IF(LEN(D27)<>13,"ОГРН: должно быть 13 цифр",IF(NOT(ISNUMBER(IFERROR(VALUE(D27),"x"))),"ОГРН: есть нецифровые символы",IF(MOD(VALUE(LEFT(D27,12))-11*INT(VALUE(LEFT(D27,12))/11),10)=VALUE(RIGHT(D27,1)),"","ОГРН: неверная контрольная цифра")))) | M27: =IF(TRIM(E27)="","КПП не указан",IF(LEN(E27)<>9,"КПП: должно быть 9 знаков",IF(NOT(AND(ISNUMBER(IFERROR(VALUE(LEFT(E27,4)),"x")),ISNUMBER(IFERROR(VALUE(RIGHT(E27,3)),"x")))),"КПП: неверный формат",IF(LEFT(E27,2)<>LEFT(C27,2),"КПП: код региона не совпадает с ИНН","")))) | N27: =IF(TRIM(C27)="","",IF(COUNTIF($C$2:$C$401,C27)>1,"Дубликат ИНН в реестре","")) -> Дубликат ИНН в реестре | O27: =IF(TRIM(H27)="","Email не указан",IF(AND(ISNUMBER(FIND("@",H27)),ISNUMBER(FIND(".",H27,IFERROR(FIND("@",H27),1))),ISERROR(FIND(" ",H27)),LEFT(H27,1)<>"@",RIGHT(H27,1)<>".",LEN(H27)-LEN(SUBSTITUTE(H27,"@",""))=1),"","Email: неверный формат")) | P27: =IF(TRIM(I27)="","Телефон не указан",IF(AND(LEN(SUBSTITUTE(SUBSTITUTE(SUBSTITUTE(SUBSTITUTE(SUBSTITUTE(I27," ",""),"-",""),"(",""),")",""),"+",""))=11,OR(LEFT(SUBSTITUTE(SUBSTITUTE(SUBSTITUTE(SUBSTITUTE(SUBSTITUTE(I27," ",""),"-",""),"(",""),")",""),"+",""),1)="7",LEFT(SUBSTITUTE(SUBSTITUTE(SUBSTITUTE(SUBSTITUTE(SUBSTITUTE(I27," ",""),"-",""),"(",""),")",""),"+",""),1)="8"),ISNUMBER(IFERROR(VALUE(SUBSTITUTE(SUBSTITUTE(SUBSTITUTE(SUBSTITUTE(SUBSTITUTE(I27," ",""),"-",""),"(",""),")",""),"+","")),"x"))),"","Телефон: неверный формат")) | Q27: =TRIM(IF(TRIM(B27)="","Нет наименования. ","")&IF(TRIM(F27)="","Нет адреса. ","")&IF(TRIM(G27)="","Нет контактного лица.","")) | R27: =SUMPRODUCT(--(LEN(K27:Q27)>0)) -> 1 | S27: =IF(R27=0,"Готово к передаче","Требует исправления") -> Требует исправления | T27: =IF(R27=0,"",_xlfn.TEXTJOIN("; ",TRUE(),K27:Q27)) -> Дубликат ИНН в реестре | U27: =IF(R27=0,"","Здравствуйте! В данных организации «"&B27&"» обнаружены ошибки: "&T27&". Просим проверить и прислать исправленную информацию.") -> Здравствуйте! В данных организации «ООО «Юпитер Трейд»» обнаружены ошибки: Дубликат ИНН в реестре. Просим проверить и прислать исправленную информацию. | V27: =IF(R27>0,COUNTIF($R$2:R27,">0"),"") -> 15 | W27: =IF(R27=0,COUNTIF($R$2:R27,0),"")
A28: 27 | B28: ООО «Дельта Сервис» | C28: 6145612079 | D28: 1086142853543 | E28: 614543001 | F28: г. Ростов-на-Дону, ул. Школьная, д. 12, оф. 87 | G28: Семёнов А. С. | H28: info@delta-servis.example | I28: +78635647754 | J28: =IFERROR(VLOOKUP(VALUE(LEFT(C28,2)),Справочники!$A$2:$B$16,2,FALSE()),"не определён") -> Ростовская область | K28: =IF(TRIM(C28)="","ИНН не указан",IF(LEN(C28)<>10,"ИНН: должно быть 10 цифр",IF(NOT(ISNUMBER(IFERROR(VALUE(C28),"x"))),"ИНН: есть нецифровые символы",IF(MOD(MOD(SUMPRODUCT(--MID(C28,{1,2,3,4,5,6,7,8,9},1),{2,4,10,3,5,9,4,6,8}),11),10)=VALUE(RIGHT(C28,1)),"","ИНН: неверная контрольная цифра")))) | L28: =IF(TRIM(D28)="","ОГРН не указан",IF(LEN(D28)<>13,"ОГРН: должно быть 13 цифр",IF(NOT(ISNUMBER(IFERROR(VALUE(D28),"x"))),"ОГРН: есть нецифровые символы",IF(MOD(VALUE(LEFT(D28,12))-11*INT(VALUE(LEFT(D28,12))/11),10)=VALUE(RIGHT(D28,1)),"","ОГРН: неверная контрольная цифра")))) | M28: =IF(TRIM(E28)="","КПП не указан",IF(LEN(E28)<>9,"КПП: должно быть 9 знаков",IF(NOT(AND(ISNUMBER(IFERROR(VALUE(LEFT(E28,4)),"x")),ISNUMBER(IFERROR(VALUE(RIGHT(E28,3)),"x")))),"КПП: неверный формат",IF(LEFT(E28,2)<>LEFT(C28,2),"КПП: код региона не совпадает с ИНН","")))) | N28: =IF(TRIM(C28)="","",IF(COUNTIF($C$2:$C$401,C28)>1,"Дубликат ИНН в реестре","")) | O28: =IF(TRIM(H28)="","Email не указан",IF(AND(ISNUMBER(FIND("@",H28)),ISNUMBER(FIND(".",H28,IFERROR(FIND("@",H28),1))),ISERROR(FIND(" ",H28)),LEFT(H28,1)<>"@",RIGHT(H28,1)<>".",LEN(H28)-LEN(SUBSTITUTE(H28,"@",""))=1),"","Email: неверный формат")) | P28: =IF(TRIM(I28)="","Телефон не указан",IF(AND(LEN(SUBSTITUTE(SUBSTITUTE(SUBSTITUTE(SUBSTITUTE(SUBSTITUTE(I28," ",""),"-",""),"(",""),")",""),"+",""))=11,OR(LEFT(SUBSTITUTE(SUBSTITUTE(SUBSTITUTE(SUBSTITUTE(SUBSTITUTE(I28," ",""),"-",""),"(",""),")",""),"+",""),1)="7",LEFT(SUBSTITUTE(SUBSTITUTE(SUBSTITUTE(SUBSTITUTE(SUBSTITUTE(I28," ",""),"-",""),"(",""),")",""),"+",""),1)="8"),ISNUMBER(IFERROR(VALUE(SUBSTITUTE(SUBSTITUTE(SUBSTITUTE(SUBSTITUTE(SUBSTITUTE(I28," ",""),"-",""),"(",""),")",""),"+","")),"x"))),"","Телефон: неверный формат")) | Q28: =TRIM(IF(TRIM(B28)="","Нет наименования. ","")&IF(TRIM(F28)="","Нет адреса. ","")&IF(TRIM(G28)="","Нет контактного лица.","")) | R28: =SUMPRODUCT(--(LEN(K28:Q28)>0)) -> 0 | S28: =IF(R28=0,"Готово к передаче","Требует исправления") -> Готово к передаче | T28: =IF(R28=0,"",_xlfn.TEXTJOIN("; ",TRUE(),K28:Q28)) | U28: =IF(R28=0,"","Здравствуйте! В данных организации «"&B28&"» обнаружены ошибки: "&T28&". Просим проверить и прислать исправленную информацию.") | V28: =IF(R28>0,COUNTIF($R$2:R28,">0"),"") | W28: =IF(R28=0,COUNTIF($R$2:R28,0),"") -> 12
A29: 28 | B29: ООО «Квант Строй» | C29: 7736833212 | D29: 1177704709973 | E29: 773601004 | F29: г. Москва, ул. Набережная, д. 51, оф. 238 | G29: Смирнов В. Е. | H29: info@kvant-stroy.example | I29: +74955404579 | J29: =IFERROR(VLOOKUP(VALUE(LEFT(C29,2)),Справочники!$A$2:$B$16,2,FALSE()),"не определён") -> г. Москва | K29: =IF(TRIM(C29)="","ИНН не указан",IF(LEN(C29)<>10,"ИНН: должно быть 10 цифр",IF(NOT(ISNUMBER(IFERROR(VALUE(C29),"x"))),"ИНН: есть нецифровые символы",IF(MOD(MOD(SUMPRODUCT(--MID(C29,{1,2,3,4,5,6,7,8,9},1),{2,4,10,3,5,9,4,6,8}),11),10)=VALUE(RIGHT(C29,1)),"","ИНН: неверная контрольная цифра")))) | L29: =IF(TRIM(D29)="","ОГРН не указан",IF(LEN(D29)<>13,"ОГРН: должно быть 13 цифр",IF(NOT(ISNUMBER(IFERROR(VALUE(D29),"x"))),"ОГРН: есть нецифровые символы",IF(MOD(VALUE(LEFT(D29,12))-11*INT(VALUE(LEFT(D29,12))/11),10)=VALUE(RIGHT(D29,1)),"","ОГРН: неверная контрольная цифра")))) | M29: =IF(TRIM(E29)="","КПП не указан",IF(LEN(E29)<>9,"КПП: должно быть 9 знаков",IF(NOT(AND(ISNUMBER(IFERROR(VALUE(LEFT(E29,4)),"x")),ISNUMBER(IFERROR(VALUE(RIGHT(E29,3)),"x")))),"КПП: неверный формат",IF(LEFT(E29,2)<>LEFT(C29,2),"КПП: код региона не совпадает с ИНН","")))) | N29: =IF(TRIM(C29)="","",IF(COUNTIF($C$2:$C$401,C29)>1,"Дубликат ИНН в реестре","")) | O29: =IF(TRIM(H29)="","Email не указан",IF(AND(ISNUMBER(FIND("@",H29)),ISNUMBER(FIND(".",H29,IFERROR(FIND("@",H29),1))),ISERROR(FIND(" ",H29)),LEFT(H29,1)<>"@",RIGHT(H29,1)<>".",LEN(H29)-LEN(SUBSTITUTE(H29,"@",""))=1),"","Email: неверный формат")) | P29: =IF(TRIM(I29)="","Телефон не указан",IF(AND(LEN(SUBSTITUTE(SUBSTITUTE(SUBSTITUTE(SUBSTITUTE(SUBSTITUTE(I29," ",""),"-",""),"(",""),")",""),"+",""))=11,OR(LEFT(SUBSTITUTE(SUBSTITUTE(SUBSTITUTE(SUBSTITUTE(SUBSTITUTE(I29," ",""),"-",""),"(",""),")",""),"+",""),1)="7",LEFT(SUBSTITUTE(SUBSTITUTE(SUBSTITUTE(SUBSTITUTE(SUBSTITUTE(I29," ",""),"-",""),"(",""),")",""),"+",""),1)="8"),ISNUMBER(IFERROR(VALUE(SUBSTITUTE(SUBSTITUTE(SUBSTITUTE(SUBSTITUTE(SUBSTITUTE(I29," ",""),"-",""),"(",""),")",""),"+","")),"x"))),"","Телефон: неверный формат")) | Q29: =TRIM(IF(TRIM(B29)="","Нет наименования. ","")&IF(TRIM(F29)="","Нет адреса. ","")&IF(TRIM(G29)="","Нет контактного лица.","")) | R29: =SUMPRODUCT(--(LEN(K29:Q29)>0)) -> 0 | S29: =IF(R29=0,"Готово к передаче","Требует исправления") -> Готово к передаче | T29: =IF(R29=0,"",_xlfn.TEXTJOIN("; ",TRUE(),K29:Q29)) | U29: =IF(R29=0,"","Здравствуйте! В данных организации «"&B29&"» обнаружены ошибки: "&T29&". Просим проверить и прислать исправленную информацию.") | V29: =IF(R29>0,COUNTIF($R$2:R29,">0"),"") | W29: =IF(R29=0,COUNTIF($R$2:R29,0),"") -> 13
A30: 29 | B30: ООО «Атлант Стандарт» | C30: 7733991323 | D30: 5147718846908 | E30: 773301008 | F30: г. Москва, ул. Мира, д. 3, оф. 177 | G30: Васильева В. И. | H30: info@atlant-standart.example | I30: +7 (495) 595-26-82 | J30: =IFERROR(VLOOKUP(VALUE(LEFT(C30,2)),Справочники!$A$2:$B$16,2,FALSE()),"не определён") -> г. Москва | K30: =IF(TRIM(C30)="","ИНН не указан",IF(LEN(C30)<>10,"ИНН: должно быть 10 цифр",IF(NOT(ISNUMBER(IFERROR(VALUE(C30),"x"))),"ИНН: есть нецифровые символы",IF(MOD(MOD(SUMPRODUCT(--MID(C30,{1,2,3,4,5,6,7,8,9},1),{2,4,10,3,5,9,4,6,8}),11),10)=VALUE(RIGHT(C30,1)),"","ИНН: неверная контрольная цифра")))) | L30: =IF(TRIM(D30)="","ОГРН не указан",IF(LEN(D30)<>13,"ОГРН: должно быть 13 цифр",IF(NOT(ISNUMBER(IFERROR(VALUE(D30),"x"))),"ОГРН: есть нецифровые символы",IF(MOD(VALUE(LEFT(D30,12))-11*INT(VALUE(LEFT(D30,12))/11),10)=VALUE(RIGHT(D30,1)),"","ОГРН: неверная контрольная цифра")))) | M30: =IF(TRIM(E30)="","КПП не указан",IF(LEN(E30)<>9,"КПП: должно быть 9 знаков",IF(NOT(AND(ISNUMBER(IFERROR(VALUE(LEFT(E30,4)),"x")),ISNUMBER(IFERROR(VALUE(RIGHT(E30,3)),"x")))),"КПП: неверный формат",IF(LEFT(E30,2)<>LEFT(C30,2),"КПП: код региона не совпадает с ИНН","")))) | N30: =IF(TRIM(C30)="","",IF(COUNTIF($C$2:$C$401,C30)>1,"Дубликат ИНН в реестре","")) | O30: =IF(TRIM(H30)="","Email не указан",IF(AND(ISNUMBER(FIND("@",H30)),ISNUMBER(FIND(".",H30,IFERROR(FIND("@",H30),1))),ISERROR(FIND(" ",H30)),LEFT(H30,1)<>"@",RIGHT(H30,1)<>".",LEN(H30)-LEN(SUBSTITUTE(H30,"@",""))=1),"","Email: неверный формат")) | P30: =IF(TRIM(I30)="","Телефон не указан",IF(AND(LEN(SUBSTITUTE(SUBSTITUTE(SUBSTITUTE(SUBSTITUTE(SUBSTITUTE(I30," ",""),"-",""),"(",""),")",""),"+",""))=11,OR(LEFT(SUBSTITUTE(SUBSTITUTE(SUBSTITUTE(SUBSTITUTE(SUBSTITUTE(I30," ",""),"-",""),"(",""),")",""),"+",""),1)="7",LEFT(SUBSTITUTE(SUBSTITUTE(SUBSTITUTE(SUBSTITUTE(SUBSTITUTE(I30," ",""),"-",""),"(",""),")",""),"+",""),1)="8"),ISNUMBER(IFERROR(VALUE(SUBSTITUTE(SUBSTITUTE(SUBSTITUTE(SUBSTITUTE(SUBSTITUTE(I30," ",""),"-",""),"(",""),")",""),"+","")),"x"))),"","Телефон: неверный формат")) | Q30: =TRIM(IF(TRIM(B30)="","Нет наименования. ","")&IF(TRIM(F30)="","Нет адреса. ","")&IF(TRIM(G30)="","Нет контактного лица.","")) | R30: =SUMPRODUCT(--(LEN(K30:Q30)>0)) -> 0 | S30: =IF(R30=0,"Готово к передаче","Требует исправления") -> Готово к передаче | T30: =IF(R30=0,"",_xlfn.TEXTJOIN("; ",TRUE(),K30:Q30)) | U30: =IF(R30=0,"","Здравствуйте! В данных организации «"&B30&"» обнаружены ошибки: "&T30&". Просим проверить и прислать исправленную информацию.") | V30: =IF(R30>0,COUNTIF($R$2:R30,">0"),"") | W30: =IF(R30=0,COUNTIF($R$2:R30,0),"") -> 14
A31: 30 | B31: АО «Альфа Монтаж» | C31: 6132721049 | D31: 1066101497472 | E31: 613201008 | F31: г. Ростов-на-Дону, ул. Кирова, д. 54, оф. 291 | G31: Попов С. Е. | H31: mail @ alfa-montazh.example | I31: +78635714765 | J31: =IFERROR(VLOOKUP(VALUE(LEFT(C31,2)),Справочники!$A$2:$B$16,2,FALSE()),"не определён") -> Ростовская область | K31: =IF(TRIM(C31)="","ИНН не указан",IF(LEN(C31)<>10,"ИНН: должно быть 10 цифр",IF(NOT(ISNUMBER(IFERROR(VALUE(C31),"x"))),"ИНН: есть нецифровые символы",IF(MOD(MOD(SUMPRODUCT(--MID(C31,{1,2,3,4,5,6,7,8,9},1),{2,4,10,3,5,9,4,6,8}),11),10)=VALUE(RIGHT(C31,1)),"","ИНН: неверная контрольная цифра")))) | L31: =IF(TRIM(D31)="","ОГРН не указан",IF(LEN(D31)<>13,"ОГРН: должно быть 13 цифр",IF(NOT(ISNUMBER(IFERROR(VALUE(D31),"x"))),"ОГРН: есть нецифровые символы",IF(MOD(VALUE(LEFT(D31,12))-11*INT(VALUE(LEFT(D31,12))/11),10)=VALUE(RIGHT(D31,1)),"","ОГРН: неверная контрольная цифра")))) | M31: =IF(TRIM(E31)="","КПП не указан",IF(LEN(E31)<>9,"КПП: должно быть 9 знаков",IF(NOT(AND(ISNUMBER(IFERROR(VALUE(LEFT(E31,4)),"x")),ISNUMBER(IFERROR(VALUE(RIGHT(E31,3)),"x")))),"КПП: неверный формат",IF(LEFT(E31,2)<>LEFT(C31,2),"КПП: код региона не совпадает с ИНН","")))) | N31: =IF(TRIM(C31)="","",IF(COUNTIF($C$2:$C$401,C31)>1,"Дубликат ИНН в реестре","")) | O31: =IF(TRIM(H31)="","Email не указан",IF(AND(ISNUMBER(FIND("@",H31)),ISNUMBER(FIND(".",H31,IFERROR(FIND("@",H31),1))),ISERROR(FIND(" ",H31)),LEFT(H31,1)<>"@",RIGHT(H31,1)<>".",LEN(H31)-LEN(SUBSTITUTE(H31,"@",""))=1),"","Email: неверный формат")) -> Email: неверный формат | P31: =IF(TRIM(I31)="","Телефон не указан",IF(AND(LEN(SUBSTITUTE(SUBSTITUTE(SUBSTITUTE(SUBSTITUTE(SUBSTITUTE(I31," ",""),"-",""),"(",""),")",""),"+",""))=11,OR(LEFT(SUBSTITUTE(SUBSTITUTE(SUBSTITUTE(SUBSTITUTE(SUBSTITUTE(I31," ",""),"-",""),"(",""),")",""),"+",""),1)="7",LEFT(SUBSTITUTE(SUBSTITUTE(SUBSTITUTE(SUBSTITUTE(SUBSTITUTE(I31," ",""),"-",""),"(",""),")",""),"+",""),1)="8"),ISNUMBER(IFERROR(VALUE(SUBSTITUTE(SUBSTITUTE(SUBSTITUTE(SUBSTITUTE(SUBSTITUTE(I31," ",""),"-",""),"(",""),")",""),"+","")),"x"))),"","Телефон: неверный формат")) | Q31: =TRIM(IF(TRIM(B31)="","Нет наименования. ","")&IF(TRIM(F31)="","Нет адреса. ","")&IF(TRIM(G31)="","Нет контактного лица.","")) | R31: =SUMPRODUCT(--(LEN(K31:Q31)>0)) -> 1 | S31: =IF(R31=0,"Готово к передаче","Требует исправления") -> Требует исправления | T31: =IF(R31=0,"",_xlfn.TEXTJOIN("; ",TRUE(),K31:Q31)) -> Email: неверный формат | U31: =IF(R31=0,"","Здравствуйте! В данных организации «"&B31&"» обнаружены ошибки: "&T31&". Просим проверить и прислать исправленную информацию.") -> Здравствуйте! В данных организации «АО «Альфа Монтаж»» обнаружены ошибки: Email: неверный формат. Просим проверить и прислать исправленную информацию. | V31: =IF(R31>0,COUNTIF($R$2:R31,">0"),"") -> 16 | W31: =IF(R31=0,COUNTIF($R$2:R31,0),"")
A32: 31 | B32: ООО «Меридиан Консалт» | C32: 77398853460 | D32: 1117748696328 | E32: 773901001 | F32: г. Москва, ул. Центральная, д. 118, оф. 90 | G32: Михайлова И. М. | H32: zakaz@meridian-konsalt.example | I32: +7 (495) 575-22-41 | J32: =IFERROR(VLOOKUP(VALUE(LEFT(C32,2)),Справочники!$A$2:$B$16,2,FALSE()),"не определён") -> г. Москва | K32: =IF(TRIM(C32)="","ИНН не указан",IF(LEN(C32)<>10,"ИНН: должно быть 10 цифр",IF(NOT(ISNUMBER(IFERROR(VALUE(C32),"x"))),"ИНН: есть нецифровые символы",IF(MOD(MOD(SUMPRODUCT(--MID(C32,{1,2,3,4,5,6,7,8,9},1),{2,4,10,3,5,9,4,6,8}),11),10)=VALUE(RIGHT(C32,1)),"","ИНН: неверная контрольная цифра")))) -> ИНН: должно быть 10 цифр | L32: =IF(TRIM(D32)="","ОГРН не указан",IF(LEN(D32)<>13,"ОГРН: должно быть 13 цифр",IF(NOT(ISNUMBER(IFERROR(VALUE(D32),"x"))),"ОГРН: есть нецифровые символы",IF(MOD(VALUE(LEFT(D32,12))-11*INT(VALUE(LEFT(D32,12))/11),10)=VALUE(RIGHT(D32,1)),"","ОГРН: неверная контрольная цифра")))) | M32: =IF(TRIM(E32)="","КПП не указан",IF(LEN(E32)<>9,"КПП: должно быть 9 знаков",IF(NOT(AND(ISNUMBER(IFERROR(VALUE(LEFT(E32,4)),"x")),ISNUMBER(IFERROR(VALUE(RIGHT(E32,3)),"x")))),"КПП: неверный формат",IF(LEFT(E32,2)<>LEFT(C32,2),"КПП: код региона не совпадает с ИНН","")))) | N32: =IF(TRIM(C32)="","",IF(COUNTIF($C$2:$C$401,C32)>1,"Дубликат ИНН в реестре","")) | O32: =IF(TRIM(H32)="","Email не указан",IF(AND(ISNUMBER(FIND("@",H32)),ISNUMBER(FIND(".",H32,IFERROR(FIND("@",H32),1))),ISERROR(FIND(" ",H32)),LEFT(H32,1)<>"@",RIGHT(H32,1)<>".",LEN(H32)-LEN(SUBSTITUTE(H32,"@",""))=1),"","Email: неверный формат")) | P32: =IF(TRIM(I32)="","Телефон не указан",IF(AND(LEN(SUBSTITUTE(SUBSTITUTE(SUBSTITUTE(SUBSTITUTE(SUBSTITUTE(I32," ",""),"-",""),"(",""),")",""),"+",""))=11,OR(LEFT(SUBSTITUTE(SUBSTITUTE(SUBSTITUTE(SUBSTITUTE(SUBSTITUTE(I32," ",""),"-",""),"(",""),")",""),"+",""),1)="7",LEFT(SUBSTITUTE(SUBSTITUTE(SUBSTITUTE(SUBSTITUTE(SUBSTITUTE(I32," ",""),"-",""),"(",""),")",""),"+",""),1)="8"),ISNUMBER(IFERROR(VALUE(SUBSTITUTE(SUBSTITUTE(SUBSTITUTE(SUBSTITUTE(SUBSTITUTE(I32," ",""),"-",""),"(",""),")",""),"+","")),"x"))),"","Телефон: неверный формат")) | Q32: =TRIM(IF(TRIM(B32)="","Нет наименования. ","")&IF(TRIM(F32)="","Нет адреса. ","")&IF(TRIM(G32)="","Нет контактного лица.","")) | R32: =SUMPRODUCT(--(LEN(K32:Q32)>0)) -> 1 | S32: =IF(R32=0,"Готово к передаче","Требует исправления") -> Требует исправления | T32: =IF(R32=0,"",_xlfn.TEXTJOIN("; ",TRUE(),K32:Q32)) -> ИНН: должно быть 10 цифр | U32: =IF(R32=0,"","Здравствуйте! В данных организации «"&B32&"» обнаружены ошибки: "&T32&". Просим проверить и прислать исправленную информацию.") -> Здравствуйте! В данных организации «ООО «Меридиан Консалт»» обнаружены ошибки: ИНН: должно быть 10 цифр. Просим проверить и прислать исправленную информацию. | V32: =IF(R32>0,COUNTIF($R$2:R32,">0"),"") -> 17 | W32: =IF(R32=0,COUNTIF($R$2:R32,0),"")
A33: 32 | B33: АО «Феникс Принт» | C33: 1634407743 | D33: 1151617026593 | E33: 163443005 | F33: г. Казань, ул. Советская, д. 49, оф. 3 | G33: Кузнецова А. Т. | H33: zakaz@feniks-print.example | I33: 8 843 5238471 | J33: =IFERROR(VLOOKUP(VALUE(LEFT(C33,2)),Справочники!$A$2:$B$16,2,FALSE()),"не определён") -> Республика Татарстан | K33: =IF(TRIM(C33)="","ИНН не указан",IF(LEN(C33)<>10,"ИНН: должно быть 10 цифр",IF(NOT(ISNUMBER(IFERROR(VALUE(C33),"x"))),"ИНН: есть нецифровые символы",IF(MOD(MOD(SUMPRODUCT(--MID(C33,{1,2,3,4,5,6,7,8,9},1),{2,4,10,3,5,9,4,6,8}),11),10)=VALUE(RIGHT(C33,1)),"","ИНН: неверная контрольная цифра")))) | L33: =IF(TRIM(D33)="","ОГРН не указан",IF(LEN(D33)<>13,"ОГРН: должно быть 13 цифр",IF(NOT(ISNUMBER(IFERROR(VALUE(D33),"x"))),"ОГРН: есть нецифровые символы",IF(MOD(VALUE(LEFT(D33,12))-11*INT(VALUE(LEFT(D33,12))/11),10)=VALUE(RIGHT(D33,1)),"","ОГРН: неверная контрольная цифра")))) | M33: =IF(TRIM(E33)="","КПП не указан",IF(LEN(E33)<>9,"КПП: должно быть 9 знаков",IF(NOT(AND(ISNUMBER(IFERROR(VALUE(LEFT(E33,4)),"x")),ISNUMBER(IFERROR(VALUE(RIGHT(E33,3)),"x")))),"КПП: неверный формат",IF(LEFT(E33,2)<>LEFT(C33,2),"КПП: код региона не совпадает с ИНН","")))) | N33: =IF(TRIM(C33)="","",IF(COUNTIF($C$2:$C$401,C33)>1,"Дубликат ИНН в реестре","")) | O33: =IF(TRIM(H33)="","Email не указан",IF(AND(ISNUMBER(FIND("@",H33)),ISNUMBER(FIND(".",H33,IFERROR(FIND("@",H33),1))),ISERROR(FIND(" ",H33)),LEFT(H33,1)<>"@",RIGHT(H33,1)<>".",LEN(H33)-LEN(SUBSTITUTE(H33,"@",""))=1),"","Email: неверный формат")) | P33: =IF(TRIM(I33)="","Телефон не указан",IF(AND(LEN(SUBSTITUTE(SUBSTITUTE(SUBSTITUTE(SUBSTITUTE(SUBSTITUTE(I33," ",""),"-",""),"(",""),")",""),"+",""))=11,OR(LEFT(SUBSTITUTE(SUBSTITUTE(SUBSTITUTE(SUBSTITUTE(SUBSTITUTE(I33," ",""),"-",""),"(",""),")",""),"+",""),1)="7",LEFT(SUBSTITUTE(SUBSTITUTE(SUBSTITUTE(SUBSTITUTE(SUBSTITUTE(I33," ",""),"-",""),"(",""),")",""),"+",""),1)="8"),ISNUMBER(IFERROR(VALUE(SUBSTITUTE(SUBSTITUTE(SUBSTITUTE(SUBSTITUTE(SUBSTITUTE(I33," ",""),"-",""),"(",""),")",""),"+","")),"x"))),"","Телефон: неверный формат")) | Q33: =TRIM(IF(TRIM(B33)="","Нет наименования. ","")&IF(TRIM(F33)="","Нет адреса. ","")&IF(TRIM(G33)="","Нет контактного лица.","")) | R33: =SUMPRODUCT(--(LEN(K33:Q33)>0)) -> 0 | S33: =IF(R33=0,"Готово к передаче","Требует исправления") -> Готово к передаче | T33: =IF(R33=0,"",_xlfn.TEXTJOIN("; ",TRUE(),K33:Q33)) | U33: =IF(R33=0,"","Здравствуйте! В данных организации «"&B33&"» обнаружены ошибки: "&T33&". Просим проверить и прислать исправленную информацию.") | V33: =IF(R33>0,COUNTIF($R$2:R33,">0"),"") | W33: =IF(R33=0,COUNTIF($R$2:R33,0),"") -> 15
A34: 33 | B34: ООО «Юпитер Групп» | C34: 504738980 | D34: 5165048815344 | E34: 504743008 | F34: г. Красногорск, ул. Школьная, д. 111, оф. 161 | G34: Алексеев Н. Н. | H34: office@yupiter-grupp.example | I34: +7 (498) 513-88-80 | J34: =IFERROR(VLOOKUP(VALUE(LEFT(C34,2)),Справочники!$A$2:$B$16,2,FALSE()),"не определён") -> Московская область | K34: =IF(TRIM(C34)="","ИНН не указан",IF(LEN(C34)<>10,"ИНН: должно быть 10 цифр",IF(NOT(ISNUMBER(IFERROR(VALUE(C34),"x"))),"ИНН: есть нецифровые символы",IF(MOD(MOD(SUMPRODUCT(--MID(C34,{1,2,3,4,5,6,7,8,9},1),{2,4,10,3,5,9,4,6,8}),11),10)=VALUE(RIGHT(C34,1)),"","ИНН: неверная контрольная цифра")))) -> ИНН: должно быть 10 цифр | L34: =IF(TRIM(D34)="","ОГРН не указан",IF(LEN(D34)<>13,"ОГРН: должно быть 13 цифр",IF(NOT(ISNUMBER(IFERROR(VALUE(D34),"x"))),"ОГРН: есть нецифровые символы",IF(MOD(VALUE(LEFT(D34,12))-11*INT(VALUE(LEFT(D34,12))/11),10)=VALUE(RIGHT(D34,1)),"","ОГРН: неверная контрольная цифра")))) | M34: =IF(TRIM(E34)="","КПП не указан",IF(LEN(E34)<>9,"КПП: должно быть 9 знаков",IF(NOT(AND(ISNUMBER(IFERROR(VALUE(LEFT(E34,4)),"x")),ISNUMBER(IFERROR(VALUE(RIGHT(E34,3)),"x")))),"КПП: неверный формат",IF(LEFT(E34,2)<>LEFT(C34,2),"КПП: код региона не совпадает с ИНН","")))) | N34: =IF(TRIM(C34)="","",IF(COUNTIF($C$2:$C$401,C34)>1,"Дубликат ИНН в реестре","")) | O34: =IF(TRIM(H34)="","Email не указан",IF(AND(ISNUMBER(FIND("@",H34)),ISNUMBER(FIND(".",H34,IFERROR(FIND("@",H34),1))),ISERROR(FIND(" ",H34)),LEFT(H34,1)<>"@",RIGHT(H34,1)<>".",LEN(H34)-LEN(SUBSTITUTE(H34,"@",""))=1),"","Email: неверный формат")) | P34: =IF(TRIM(I34)="","Телефон не указан",IF(AND(LEN(SUBSTITUTE(SUBSTITUTE(SUBSTITUTE(SUBSTITUTE(SUBSTITUTE(I34," ",""),"-",""),"(",""),")",""),"+",""))=11,OR(LEFT(SUBSTITUTE(SUBSTITUTE(SUBSTITUTE(SUBSTITUTE(SUBSTITUTE(I34," ",""),"-",""),"(",""),")",""),"+",""),1)="7",LEFT(SUBSTITUTE(SUBSTITUTE(SUBSTITUTE(SUBSTITUTE(SUBSTITUTE(I34," ",""),"-",""),"(",""),")",""),"+",""),1)="8"),ISNUMBER(IFERROR(VALUE(SUBSTITUTE(SUBSTITUTE(SUBSTITUTE(SUBSTITUTE(SUBSTITUTE(I34," ",""),"-",""),"(",""),")",""),"+","")),"x"))),"","Телефон: неверный формат")) | Q34: =TRIM(IF(TRIM(B34)="","Нет наименования. ","")&IF(TRIM(F34)="","Нет адреса. ","")&IF(TRIM(G34)="","Нет контактного лица.","")) | R34: =SUMPRODUCT(--(LEN(K34:Q34)>0)) -> 1 | S34: =IF(R34=0,"Готово к передаче","Требует исправления") -> Требует исправления | T34: =IF(R34=0,"",_xlfn.TEXTJOIN("; ",TRUE(),K34:Q34)) -> ИНН: должно быть 10 цифр | U34: =IF(R34=0,"","Здравствуйте! В данных организации «"&B34&"» обнаружены ошибки: "&T34&". Просим проверить и прислать исправленную информацию.") -> Здравствуйте! В данных организации «ООО «Юпитер Групп»» обнаружены ошибки: ИНН: должно быть 10 цифр. Просим проверить и прислать исправленную информацию. | V34: =IF(R34>0,COUNTIF($R$2:R34,">0"),"") -> 18 | W34: =IF(R34=0,COUNTIF($R$2:R34,0),"")
A35: 34 | B35: ООО «Меридиан Снаб» | C35: 2407301260 | D35: 5062439439409 | E35: 240745007 | F35: г. Красноярск, ул. Парковая, д. 79, оф. 282 | G35: Алексеева С. Е. | H35: mail@meridian-snab.example | I35: 8 391 5727299 | J35: =IFERROR(VLOOKUP(VALUE(LEFT(C35,2)),Справочники!$A$2:$B$16,2,FALSE()),"не определён") -> Красноярский край | K35: =IF(TRIM(C35)="","ИНН не указан",IF(LEN(C35)<>10,"ИНН: должно быть 10 цифр",IF(NOT(ISNUMBER(IFERROR(VALUE(C35),"x"))),"ИНН: есть нецифровые символы",IF(MOD(MOD(SUMPRODUCT(--MID(C35,{1,2,3,4,5,6,7,8,9},1),{2,4,10,3,5,9,4,6,8}),11),10)=VALUE(RIGHT(C35,1)),"","ИНН: неверная контрольная цифра")))) | L35: =IF(TRIM(D35)="","ОГРН не указан",IF(LEN(D35)<>13,"ОГРН: должно быть 13 цифр",IF(NOT(ISNUMBER(IFERROR(VALUE(D35),"x"))),"ОГРН: есть нецифровые символы",IF(MOD(VALUE(LEFT(D35,12))-11*INT(VALUE(LEFT(D35,12))/11),10)=VALUE(RIGHT(D35,1)),"","ОГРН: неверная контрольная цифра")))) | M35: =IF(TRIM(E35)="","КПП не указан",IF(LEN(E35)<>9,"КПП: должно быть 9 знаков",IF(NOT(AND(ISNUMBER(IFERROR(VALUE(LEFT(E35,4)),"x")),ISNUMBER(IFERROR(VALUE(RIGHT(E35,3)),"x")))),"КПП: неверный формат",IF(LEFT(E35,2)<>LEFT(C35,2),"КПП: код региона не совпадает с ИНН","")))) | N35: =IF(TRIM(C35)="","",IF(COUNTIF($C$2:$C$401,C35)>1,"Дубликат ИНН в реестре","")) | O35: =IF(TRIM(H35)="","Email не указан",IF(AND(ISNUMBER(FIND("@",H35)),ISNUMBER(FIND(".",H35,IFERROR(FIND("@",H35),1))),ISERROR(FIND(" ",H35)),LEFT(H35,1)<>"@",RIGHT(H35,1)<>".",LEN(H35)-LEN(SUBSTITUTE(H35,"@",""))=1),"","Email: неверный формат")) | P35: =IF(TRIM(I35)="","Телефон не указан",IF(AND(LEN(SUBSTITUTE(SUBSTITUTE(SUBSTITUTE(SUBSTITUTE(SUBSTITUTE(I35," ",""),"-",""),"(",""),")",""),"+",""))=11,OR(LEFT(SUBSTITUTE(SUBSTITUTE(SUBSTITUTE(SUBSTITUTE(SUBSTITUTE(I35," ",""),"-",""),"(",""),")",""),"+",""),1)="7",LEFT(SUBSTITUTE(SUBSTITUTE(SUBSTITUTE(SUBSTITUTE(SUBSTITUTE(I35," ",""),"-",""),"(",""),")",""),"+",""),1)="8"),ISNUMBER(IFERROR(VALUE(SUBSTITUTE(SUBSTITUTE(SUBSTITUTE(SUBSTITUTE(SUBSTITUTE(I35," ",""),"-",""),"(",""),")",""),"+","")),"x"))),"","Телефон: неверный формат")) | Q35: =TRIM(IF(TRIM(B35)="","Нет наименования. ","")&IF(TRIM(F35)="","Нет адреса. ","")&IF(TRIM(G35)="","Нет контактного лица.","")) | R35: =SUMPRODUCT(--(LEN(K35:Q35)>0)) -> 0 | S35: =IF(R35=0,"Готово к передаче","Требует исправления") -> Готово к передаче | T35: =IF(R35=0,"",_xlfn.TEXTJOIN("; ",TRUE(),K35:Q35)) | U35: =IF(R35=0,"","Здравствуйте! В данных организации «"&B35&"» обнаружены ошибки: "&T35&". Просим проверить и прислать исправленную информацию.") | V35: =IF(R35>0,COUNTIF($R$2:R35,">0"),"") | W35: =IF(R35=0,COUNTIF($R$2:R35,0),"") -> 16
A36: 35 | B36: АО «Заря Торг» | C36: 0248814206 | D36: 1110211564275 | E36: 024845003 | F36: г. Уфа, ул. Заводская, д. 49, оф. 255 | G36: Михайлова М. А. | H36: info@zarya-torg.example | I36: +73475625607 | J36: =IFERROR(VLOOKUP(VALUE(LEFT(C36,2)),Справочники!$A$2:$B$16,2,FALSE()),"не определён") -> Республика Башкортостан | K36: =IF(TRIM(C36)="","ИНН не указан",IF(LEN(C36)<>10,"ИНН: должно быть 10 цифр",IF(NOT(ISNUMBER(IFERROR(VALUE(C36),"x"))),"ИНН: есть нецифровые символы",IF(MOD(MOD(SUMPRODUCT(--MID(C36,{1,2,3,4,5,6,7,8,9},1),{2,4,10,3,5,9,4,6,8}),11),10)=VALUE(RIGHT(C36,1)),"","ИНН: неверная контрольная цифра")))) | L36: =IF(TRIM(D36)="","ОГРН не указан",IF(LEN(D36)<>13,"ОГРН: должно быть 13 цифр",IF(NOT(ISNUMBER(IFERROR(VALUE(D36),"x"))),"ОГРН: есть нецифровые символы",IF(MOD(VALUE(LEFT(D36,12))-11*INT(VALUE(LEFT(D36,12))/11),10)=VALUE(RIGHT(D36,1)),"","ОГРН: неверная контрольная цифра")))) | M36: =IF(TRIM(E36)="","КПП не указан",IF(LEN(E36)<>9,"КПП: должно быть 9 знаков",IF(NOT(AND(ISNUMBER(IFERROR(VALUE(LEFT(E36,4)),"x")),ISNUMBER(IFERROR(VALUE(RIGHT(E36,3)),"x")))),"КПП: неверный формат",IF(LEFT(E36,2)<>LEFT(C36,2),"КПП: код региона не совпадает с ИНН","")))) | N36: =IF(TRIM(C36)="","",IF(COUNTIF($C$2:$C$401,C36)>1,"Дубликат ИНН в реестре","")) | O36: =IF(TRIM(H36)="","Email не указан",IF(AND(ISNUMBER(FIND("@",H36)),ISNUMBER(FIND(".",H36,IFERROR(FIND("@",H36),1))),ISERROR(FIND(" ",H36)),LEFT(H36,1)<>"@",RIGHT(H36,1)<>".",LEN(H36)-LEN(SUBSTITUTE(H36,"@",""))=1),"","Email: неверный формат")) | P36: =IF(TRIM(I36)="","Телефон не указан",IF(AND(LEN(SUBSTITUTE(SUBSTITUTE(SUBSTITUTE(SUBSTITUTE(SUBSTITUTE(I36," ",""),"-",""),"(",""),")",""),"+",""))=11,OR(LEFT(SUBSTITUTE(SUBSTITUTE(SUBSTITUTE(SUBSTITUTE(SUBSTITUTE(I36," ",""),"-",""),"(",""),")",""),"+",""),1)="7",LEFT(SUBSTITUTE(SUBSTITUTE(SUBSTITUTE(SUBSTITUTE(SUBSTITUTE(I36," ",""),"-",""),"(",""),")",""),"+",""),1)="8"),ISNUMBER(IFERROR(VALUE(SUBSTITUTE(SUBSTITUTE(SUBSTITUTE(SUBSTITUTE(SUBSTITUTE(I36," ",""),"-",""),"(",""),")",""),"+","")),"x"))),"","Телефон: неверный формат")) | Q36: =TRIM(IF(TRIM(B36)="","Нет наименования. ","")&IF(TRIM(F36)="","Нет адреса. ","")&IF(TRIM(G36)="","Нет контактного лица.","")) | R36: =SUMPRODUCT(--(LEN(K36:Q36)>0)) -> 0 | S36: =IF(R36=0,"Готово к передаче","Требует исправления") -> Готово к передаче | T36: =IF(R36=0,"",_xlfn.TEXTJOIN("; ",TRUE(),K36:Q36)) | U36: =IF(R36=0,"","Здравствуйте! В данных организации «"&B36&"» обнаружены ошибки: "&T36&". Просим проверить и прислать исправленную информацию.") | V36: =IF(R36>0,COUNTIF($R$2:R36,">0"),"") | W36: =IF(R36=0,COUNTIF($R$2:R36,0),"") -> 17
... A39: 38 | B39: АО «Тандем Агро» | C39: 9127308025 | D39: 5119101126766 | E39: 912701006 | F39: г. Симферополь, ул. Кирова, д. 20, оф. 236 | G39: Николаева В. Д. | H39: zakaz@tandem-agro.example | I39: +7 (365) 512-92-23 | J39: =IFERROR(VLOOKUP(VALUE(LEFT(C39,2)),Справочники!$A$2:$B$16,2,FALSE()),"не определён") -> Республика Крым | K39: =IF(TRIM(C39)="","ИНН не указан",IF(LEN(C39)<>10,"ИНН: должно быть 10 цифр",IF(NOT(ISNUMBER(IFERROR(VALUE(C39),"x"))),"ИНН: есть нецифровые символы",IF(MOD(MOD(SUMPRODUCT(--MID(C39,{1,2,3,4,5,6,7,8,9},1),{2,4,10,3,5,9,4,6,8}),11),10)=VALUE(RIGHT(C39,1)),"","ИНН: неверная контрольная цифра")))) | L39: =IF(TRIM(D39)="","ОГРН не указан",IF(LEN(D39)<>13,"ОГРН: должно быть 13 цифр",IF(NOT(ISNUMBER(IFERROR(VALUE(D39),"x"))),"ОГРН: есть нецифровые символы",IF(MOD(VALUE(LEFT(D39,12))-11*INT(VALUE(LEFT(D39,12))/11),10)=VALUE(RIGHT(D39,1)),"","ОГРН: неверная контрольная цифра")))) | M39: =IF(TRIM(E39)="","КПП не указан",IF(LEN(E39)<>9,"КПП: должно быть 9 знаков",IF(NOT(AND(ISNUMBER(IFERROR(VALUE(LEFT(E39,4)),"x")),ISNUMBER(IFERROR(VALUE(RIGHT(E39,3)),"x")))),"КПП: неверный формат",IF(LEFT(E39,2)<>LEFT(C39,2),"КПП: код региона не совпадает с ИНН","")))) | N39: =IF(TRIM(C39)="","",IF(COUNTIF($C$2:$C$401,C39)>1,"Дубликат ИНН в реестре","")) | O39: =IF(TRIM(H39)="","Email не указан",IF(AND(ISNUMBER(FIND("@",H39)),ISNUMBER(FIND(".",H39,IFERROR(FIND("@",H39),1))),ISERROR(FIND(" ",H39)),LEFT(H39,1)<>"@",RIGHT(H39,1)<>".",LEN(H39)-LEN(SUBSTITUTE(H39,"@",""))=1),"","Email: неверный формат")) | P39: =IF(TRIM(I39)="","Телефон не указан",IF(AND(LEN(SUBSTITUTE(SUBSTITUTE(SUBSTITUTE(SUBSTITUTE(SUBSTITUTE(I39," ",""),"-",""),"(",""),")",""),"+",""))=11,OR(LEFT(SUBSTITUTE(SUBSTITUTE(SUBSTITUTE(SUBSTITUTE(SUBSTITUTE(I39," ",""),"-",""),"(",""),")",""),"+",""),1)="7",LEFT(SUBSTITUTE(SUBSTITUTE(SUBSTITUTE(SUBSTITUTE(SUBSTITUTE(I39," ",""),"-",""),"(",""),")",""),"+",""),1)="8"),ISNUMBER(IFERROR(VALUE(SUBSTITUTE(SUBSTITUTE(SUBSTITUTE(SUBSTITUTE(SUBSTITUTE(I39," ",""),"-",""),"(",""),")",""),"+","")),"x"))),"","Телефон: неверный формат")) | Q39: =TRIM(IF(TRIM(B39)="","Нет наименования. ","")&IF(TRIM(F39)="","Нет адреса. ","")&IF(TRIM(G39)="","Нет контактного лица.","")) | R39: =SUMPRODUCT(--(LEN(K39:Q39)>0)) -> 0 | S39: =IF(R39=0,"Готово к передаче","Требует исправления") -> Готово к передаче | T39: =IF(R39=0,"",_xlfn.TEXTJOIN("; ",TRUE(),K39:Q39)) | U39: =IF(R39=0,"","Здравствуйте! В данных организации «"&B39&"» обнаружены ошибки: "&T39&". Просим проверить и прислать исправленную информацию.") | V39: =IF(R39>0,COUNTIF($R$2:R39,">0"),"") | W39: =IF(R39=0,COUNTIF($R$2:R39,0),"") -> 20
A40: 39 | B40: АО «Юпитер Логистик» | D40: 1160230130488 | E40: 022345007 | F40: г. Уфа, ул. Советская, д. 12, оф. 11 | G40: Морозов Д. Д. | H40: zakaz@yupiter-logistik.example | I40: 8 347 5522058 | J40: =IFERROR(VLOOKUP(VALUE(LEFT(C40,2)),Справочники!$A$2:$B$16,2,FALSE()),"не определён") -> не определён | K40: =IF(TRIM(C40)="","ИНН не указан",IF(LEN(C40)<>10,"ИНН: должно быть 10 цифр",IF(NOT(ISNUMBER(IFERROR(VALUE(C40),"x"))),"ИНН: есть нецифровые символы",IF(MOD(MOD(SUMPRODUCT(--MID(C40,{1,2,3,4,5,6,7,8,9},1),{2,4,10,3,5,9,4,6,8}),11),10)=VALUE(RIGHT(C40,1)),"","ИНН: неверная контрольная цифра")))) -> ИНН не указан | L40: =IF(TRIM(D40)="","ОГРН не указан",IF(LEN(D40)<>13,"ОГРН: должно быть 13 цифр",IF(NOT(ISNUMBER(IFERROR(VALUE(D40),"x"))),"ОГРН: есть нецифровые символы",IF(MOD(VALUE(LEFT(D40,12))-11*INT(VALUE(LEFT(D40,12))/11),10)=VALUE(RIGHT(D40,1)),"","ОГРН: неверная контрольная цифра")))) | M40: =IF(TRIM(E40)="","КПП не указан",IF(LEN(E40)<>9,"КПП: должно быть 9 знаков",IF(NOT(AND(ISNUMBER(IFERROR(VALUE(LEFT(E40,4)),"x")),ISNUMBER(IFERROR(VALUE(RIGHT(E40,3)),"x")))),"КПП: неверный формат",IF(LEFT(E40,2)<>LEFT(C40,2),"КПП: код региона не совпадает с ИНН","")))) -> КПП: код региона не совпадает с ИНН | N40: =IF(TRIM(C40)="","",IF(COUNTIF($C$2:$C$401,C40)>1,"Дубликат ИНН в реестре","")) | O40: =IF(TRIM(H40)="","Email не указан",IF(AND(ISNUMBER(FIND("@",H40)),ISNUMBER(FIND(".",H40,IFERROR(FIND("@",H40),1))),ISERROR(FIND(" ",H40)),LEFT(H40,1)<>"@",RIGHT(H40,1)<>".",LEN(H40)-LEN(SUBSTITUTE(H40,"@",""))=1),"","Email: неверный формат")) | P40: =IF(TRIM(I40)="","Телефон не указан",IF(AND(LEN(SUBSTITUTE(SUBSTITUTE(SUBSTITUTE(SUBSTITUTE(SUBSTITUTE(I40," ",""),"-",""),"(",""),")",""),"+",""))=11,OR(LEFT(SUBSTITUTE(SUBSTITUTE(SUBSTITUTE(SUBSTITUTE(SUBSTITUTE(I40," ",""),"-",""),"(",""),")",""),"+",""),1)="7",LEFT(SUBSTITUTE(SUBSTITUTE(SUBSTITUTE(SUBSTITUTE(SUBSTITUTE(I40," ",""),"-",""),"(",""),")",""),"+",""),1)="8"),ISNUMBER(IFERROR(VALUE(SUBSTITUTE(SUBSTITUTE(SUBSTITUTE(SUBSTITUTE(SUBSTITUTE(I40," ",""),"-",""),"(",""),")",""),"+","")),"x"))),"","Телефон: неверный формат")) | Q40: =TRIM(IF(TRIM(B40)="","Нет наименования. ","")&IF(TRIM(F40)="","Нет адреса. ","")&IF(TRIM(G40)="","Нет контактного лица.","")) | R40: =SUMPRODUCT(--(LEN(K40:Q40)>0)) -> 2 | S40: =IF(R40=0,"Готово к передаче","Требует исправления") -> Требует исправления | T40: =IF(R40=0,"",_xlfn.TEXTJOIN("; ",TRUE(),K40:Q40)) -> ИНН не указан; КПП: код региона не совпадает с ИНН | U40: =IF(R40=0,"","Здравствуйте! В данных организации «"&B40&"» обнаружены ошибки: "&T40&". Просим проверить и прислать исправленную информацию.") -> Здравствуйте! В данных организации «АО «Юпитер Логистик»» обнаружены ошибки: ИНН не указан; КПП: код региона не совпадает с ИНН. Просим проверить и прислать исправленную информацию. | V40: =IF(R40>0,COUNTIF($R$2:R40,">0"),"") -> 19 | W40: =IF(R40=0,COUNTIF($R$2:R40,0),"")
A41: 40 | B41: ООО «Альфа Трейд» | C41: 5017934375 | D41: 1155007458858 | E41: 501701001 | F41: г. Красногорск, ул. Советская, д. 78, оф. 158 | G41: Петрова О. Д. | H41: mail@alfa-treid.example | I41: 8 498 5728615 | J41: =IFERROR(VLOOKUP(VALUE(LEFT(C41,2)),Справочники!$A$2:$B$16,2,FALSE()),"не определён") -> Московская область | K41: =IF(TRIM(C41)="","ИНН не указан",IF(LEN(C41)<>10,"ИНН: должно быть 10 цифр",IF(NOT(ISNUMBER(IFERROR(VALUE(C41),"x"))),"ИНН: есть нецифровые символы",IF(MOD(MOD(SUMPRODUCT(--MID(C41,{1,2,3,4,5,6,7,8,9},1),{2,4,10,3,5,9,4,6,8}),11),10)=VALUE(RIGHT(C41,1)),"","ИНН: неверная контрольная цифра")))) | L41: =IF(TRIM(D41)="","ОГРН не указан",IF(LEN(D41)<>13,"ОГРН: должно быть 13 цифр",IF(NOT(ISNUMBER(IFERROR(VALUE(D41),"x"))),"ОГРН: есть нецифровые символы",IF(MOD(VALUE(LEFT(D41,12))-11*INT(VALUE(LEFT(D41,12))/11),10)=VALUE(RIGHT(D41,1)),"","ОГРН: неверная контрольная цифра")))) | M41: =IF(TRIM(E41)="","КПП не указан",IF(LEN(E41)<>9,"КПП: должно быть 9 знаков",IF(NOT(AND(ISNUMBER(IFERROR(VALUE(LEFT(E41,4)),"x")),ISNUMBER(IFERROR(VALUE(RIGHT(E41,3)),"x")))),"КПП: неверный формат",IF(LEFT(E41,2)<>LEFT(C41,2),"КПП: код региона не совпадает с ИНН","")))) | N41: =IF(TRIM(C41)="","",IF(COUNTIF($C$2:$C$401,C41)>1,"Дубликат ИНН в реестре","")) | O41: =IF(TRIM(H41)="","Email не указан",IF(AND(ISNUMBER(FIND("@",H41)),ISNUMBER(FIND(".",H41,IFERROR(FIND("@",H41),1))),ISERROR(FIND(" ",H41)),LEFT(H41,1)<>"@",RIGHT(H41,1)<>".",LEN(H41)-LEN(SUBSTITUTE(H41,"@",""))=1),"","Email: неверный формат")) | P41: =IF(TRIM(I41)="","Телефон не указан",IF(AND(LEN(SUBSTITUTE(SUBSTITUTE(SUBSTITUTE(SUBSTITUTE(SUBSTITUTE(I41," ",""),"-",""),"(",""),")",""),"+",""))=11,OR(LEFT(SUBSTITUTE(SUBSTITUTE(SUBSTITUTE(SUBSTITUTE(SUBSTITUTE(I41," ",""),"-",""),"(",""),")",""),"+",""),1)="7",LEFT(SUBSTITUTE(SUBSTITUTE(SUBSTITUTE(SUBSTITUTE(SUBSTITUTE(I41," ",""),"-",""),"(",""),")",""),"+",""),1)="8"),ISNUMBER(IFERROR(VALUE(SUBSTITUTE(SUBSTITUTE(SUBSTITUTE(SUBSTITUTE(SUBSTITUTE(I41," ",""),"-",""),"(",""),")",""),"+","")),"x"))),"","Телефон: неверный формат")) | Q41: =TRIM(IF(TRIM(B41)="","Нет наименования. ","")&IF(TRIM(F41)="","Нет адреса. ","")&IF(TRIM(G41)="","Нет контактного лица.","")) | R41: =SUMPRODUCT(--(LEN(K41:Q41)>0)) -> 0 | S41: =IF(R41=0,"Готово к передаче","Требует исправления") -> Готово к передаче | T41: =IF(R41=0,"",_xlfn.TEXTJOIN("; ",TRUE(),K41:Q41)) | U41: =IF(R41=0,"","Здравствуйте! В данных организации «"&B41&"» обнаружены ошибки: "&T41&". Просим проверить и прислать исправленную информацию.") | V41: =IF(R41>0,COUNTIF($R$2:R41,">0"),"") | W41: =IF(R41=0,COUNTIF($R$2:R41,0),"") -> 21
A42: 41 | B42: ООО «Навигатор Строй» | C42: 7440346309 | D42: 5157440758107 | E42: 744001004 | F42: г. Челябинск, ул. Победы, д. 106, оф. 269 | G42: Лебедев Д. Т. | H42: office@navigator-stroy.example | I42: +73515582503 | J42: =IFERROR(VLOOKUP(VALUE(LEFT(C42,2)),Справочники!$A$2:$B$16,2,FALSE()),"не определён") -> Челябинская область | K42: =IF(TRIM(C42)="","ИНН не указан",IF(LEN(C42)<>10,"ИНН: должно быть 10 цифр",IF(NOT(ISNUMBER(IFERROR(VALUE(C42),"x"))),"ИНН: есть нецифровые символы",IF(MOD(MOD(SUMPRODUCT(--MID(C42,{1,2,3,4,5,6,7,8,9},1),{2,4,10,3,5,9,4,6,8}),11),10)=VALUE(RIGHT(C42,1)),"","ИНН: неверная контрольная цифра")))) | L42: =IF(TRIM(D42)="","ОГРН не указан",IF(LEN(D42)<>13,"ОГРН: должно быть 13 цифр",IF(NOT(ISNUMBER(IFERROR(VALUE(D42),"x"))),"ОГРН: есть нецифровые символы",IF(MOD(VALUE(LEFT(D42,12))-11*INT(VALUE(LEFT(D42,12))/11),10)=VALUE(RIGHT(D42,1)),"","ОГРН: неверная контрольная цифра")))) | M42: =IF(TRIM(E42)="","КПП не указан",IF(LEN(E42)<>9,"КПП: должно быть 9 знаков",IF(NOT(AND(ISNUMBER(IFERROR(VALUE(LEFT(E42,4)),"x")),ISNUMBER(IFERROR(VALUE(RIGHT(E42,3)),"x")))),"КПП: неверный формат",IF(LEFT(E42,2)<>LEFT(C42,2),"КПП: код региона не совпадает с ИНН","")))) | N42: =IF(TRIM(C42)="","",IF(COUNTIF($C$2:$C$401,C42)>1,"Дубликат ИНН в реестре","")) | O42: =IF(TRIM(H42)="","Email не указан",IF(AND(ISNUMBER(FIND("@",H42)),ISNUMBER(FIND(".",H42,IFERROR(FIND("@",H42),1))),ISERROR(FIND(" ",H42)),LEFT(H42,1)<>"@",RIGHT(H42,1)<>".",LEN(H42)-LEN(SUBSTITUTE(H42,"@",""))=1),"","Email: неверный формат")) | P42: =IF(TRIM(I42)="","Телефон не указан",IF(AND(LEN(SUBSTITUTE(SUBSTITUTE(SUBSTITUTE(SUBSTITUTE(SUBSTITUTE(I42," ",""),"-",""),"(",""),")",""),"+",""))=11,OR(LEFT(SUBSTITUTE(SUBSTITUTE(SUBSTITUTE(SUBSTITUTE(SUBSTITUTE(I42," ",""),"-",""),"(",""),")",""),"+",""),1)="7",LEFT(SUBSTITUTE(SUBSTITUTE(SUBSTITUTE(SUBSTITUTE(SUBSTITUTE(I42," ",""),"-",""),"(",""),")",""),"+",""),1)="8"),ISNUMBER(IFERROR(VALUE(SUBSTITUTE(SUBSTITUTE(SUBSTITUTE(SUBSTITUTE(SUBSTITUTE(I42," ",""),"-",""),"(",""),")",""),"+","")),"x"))),"","Телефон: неверный формат")) | Q42: =TRIM(IF(TRIM(B42)="","Нет наименования. ","")&IF(TRIM(F42)="","Нет адреса. ","")&IF(TRIM(G42)="","Нет контактного лица.","")) | R42: =SUMPRODUCT(--(LEN(K42:Q42)>0)) -> 0 | S42: =IF(R42=0,"Готово к передаче","Требует исправления") -> Готово к передаче | T42: =IF(R42=0,"",_xlfn.TEXTJOIN("; ",TRUE(),K42:Q42)) | U42: =IF(R42=0,"","Здравствуйте! В данных организации «"&B42&"» обнаружены ошибки: "&T42&". Просим проверить и прислать исправленную информацию.") | V42: =IF(R42>0,COUNTIF($R$2:R42,">0"),"") | W42: =IF(R42=0,COUNTIF($R$2:R42,0),"") -> 22
A43: 42 | B43: АО «Юпитер Сервис» | C43: 7846953978 | D43: 5077823677916 | E43: 784601005 | F43: г. Санкт-Петербург, ул. Школьная, д. 15, оф. 127 | G43: Фёдорова М. И. | H43: info@yupiter-servis.example | I43: 8 812 5354036 | J43: =IFERROR(VLOOKUP(VALUE(LEFT(C43,2)),Справочники!$A$2:$B$16,2,FALSE()),"не определён") -> г. Санкт-Петербург | K43: =IF(TRIM(C43)="","ИНН не указан",IF(LEN(C43)<>10,"ИНН: должно быть 10 цифр",IF(NOT(ISNUMBER(IFERROR(VALUE(C43),"x"))),"ИНН: есть нецифровые символы",IF(MOD(MOD(SUMPRODUCT(--MID(C43,{1,2,3,4,5,6,7,8,9},1),{2,4,10,3,5,9,4,6,8}),11),10)=VALUE(RIGHT(C43,1)),"","ИНН: неверная контрольная цифра")))) | L43: =IF(TRIM(D43)="","ОГРН не указан",IF(LEN(D43)<>13,"ОГРН: должно быть 13 цифр",IF(NOT(ISNUMBER(IFERROR(VALUE(D43),"x"))),"ОГРН: есть нецифровые символы",IF(MOD(VALUE(LEFT(D43,12))-11*INT(VALUE(LEFT(D43,12))/11),10)=VALUE(RIGHT(D43,1)),"","ОГРН: неверная контрольная цифра")))) | M43: =IF(TRIM(E43)="","КПП не указан",IF(LEN(E43)<>9,"КПП: должно быть 9 знаков",IF(NOT(AND(ISNUMBER(IFERROR(VALUE(LEFT(E43,4)),"x")),ISNUMBER(IFERROR(VALUE(RIGHT(E43,3)),"x")))),"КПП: неверный формат",IF(LEFT(E43,2)<>LEFT(C43,2),"КПП: код региона не совпадает с ИНН","")))) | N43: =IF(TRIM(C43)="","",IF(COUNTIF($C$2:$C$401,C43)>1,"Дубликат ИНН в реестре","")) | O43: =IF(TRIM(H43)="","Email не указан",IF(AND(ISNUMBER(FIND("@",H43)),ISNUMBER(FIND(".",H43,IFERROR(FIND("@",H43),1))),ISERROR(FIND(" ",H43)),LEFT(H43,1)<>"@",RIGHT(H43,1)<>".",LEN(H43)-LEN(SUBSTITUTE(H43,"@",""))=1),"","Email: неверный формат")) | P43: =IF(TRIM(I43)="","Телефон не указан",IF(AND(LEN(SUBSTITUTE(SUBSTITUTE(SUBSTITUTE(SUBSTITUTE(SUBSTITUTE(I43," ",""),"-",""),"(",""),")",""),"+",""))=11,OR(LEFT(SUBSTITUTE(SUBSTITUTE(SUBSTITUTE(SUBSTITUTE(SUBSTITUTE(I43," ",""),"-",""),"(",""),")",""),"+",""),1)="7",LEFT(SUBSTITUTE(SUBSTITUTE(SUBSTITUTE(SUBSTITUTE(SUBSTITUTE(I43," ",""),"-",""),"(",""),")",""),"+",""),1)="8"),ISNUMBER(IFERROR(VALUE(SUBSTITUTE(SUBSTITUTE(SUBSTITUTE(SUBSTITUTE(SUBSTITUTE(I43," ",""),"-",""),"(",""),")",""),"+","")),"x"))),"","Телефон: неверный формат")) | Q43: =TRIM(IF(TRIM(B43)="","Нет наименования. ","")&IF(TRIM(F43)="","Нет адреса. ","")&IF(TRIM(G43)="","Нет контактного лица.","")) | R43: =SUMPRODUCT(--(LEN(K43:Q43)>0)) -> 0 | S43: =IF(R43=0,"Готово к передаче","Требует исправления") -> Готово к передаче | T43: =IF(R43=0,"",_xlfn.TEXTJOIN("; ",TRUE(),K43:Q43)) | U43: =IF(R43=0,"","Здравствуйте! В данных организации «"&B43&"» обнаружены ошибки: "&T43&". Просим проверить и прислать исправленную информацию.") | V43: =IF(R43>0,COUNTIF($R$2:R43,">0"),"") | W43: =IF(R43=0,COUNTIF($R$2:R43,0),"") -> 23
A44: 43 | B44: ООО «Орбита Проект» | C44: 5430797877 | D44: 5235407488410 | E44: 543043008 | F44: г. Новосибирск, ул. Гагарина, д. 42, оф. 292 | G44: Морозова О. Т. | H44: zakaz@orbita-proekt.example | I44: 8 383 5405112 | J44: =IFERROR(VLOOKUP(VALUE(LEFT(C44,2)),Справочники!$A$2:$B$16,2,FALSE()),"не определён") -> Новосибирская область | K44: =IF(TRIM(C44)="","ИНН не указан",IF(LEN(C44)<>10,"ИНН: должно быть 10 цифр",IF(NOT(ISNUMBER(IFERROR(VALUE(C44),"x"))),"ИНН: есть нецифровые символы",IF(MOD(MOD(SUMPRODUCT(--MID(C44,{1,2,3,4,5,6,7,8,9},1),{2,4,10,3,5,9,4,6,8}),11),10)=VALUE(RIGHT(C44,1)),"","ИНН: неверная контрольная цифра")))) | L44: =IF(TRIM(D44)="","ОГРН не указан",IF(LEN(D44)<>13,"ОГРН: должно быть 13 цифр",IF(NOT(ISNUMBER(IFERROR(VALUE(D44),"x"))),"ОГРН: есть нецифровые символы",IF(MOD(VALUE(LEFT(D44,12))-11*INT(VALUE(LEFT(D44,12))/11),10)=VALUE(RIGHT(D44,1)),"","ОГРН: неверная контрольная цифра")))) | M44: =IF(TRIM(E44)="","КПП не указан",IF(LEN(E44)<>9,"КПП: должно быть 9 знаков",IF(NOT(AND(ISNUMBER(IFERROR(VALUE(LEFT(E44,4)),"x")),ISNUMBER(IFERROR(VALUE(RIGHT(E44,3)),"x")))),"КПП: неверный формат",IF(LEFT(E44,2)<>LEFT(C44,2),"КПП: код региона не совпадает с ИНН","")))) | N44: =IF(TRIM(C44)="","",IF(COUNTIF($C$2:$C$401,C44)>1,"Дубликат ИНН в реестре","")) | O44: =IF(TRIM(H44)="","Email не указан",IF(AND(ISNUMBER(FIND("@",H44)),ISNUMBER(FIND(".",H44,IFERROR(FIND("@",H44),1))),ISERROR(FIND(" ",H44)),LEFT(H44,1)<>"@",RIGHT(H44,1)<>".",LEN(H44)-LEN(SUBSTITUTE(H44,"@",""))=1),"","Email: неверный формат")) | P44: =IF(TRIM(I44)="","Телефон не указан",IF(AND(LEN(SUBSTITUTE(SUBSTITUTE(SUBSTITUTE(SUBSTITUTE(SUBSTITUTE(I44," ",""),"-",""),"(",""),")",""),"+",""))=11,OR(LEFT(SUBSTITUTE(SUBSTITUTE(SUBSTITUTE(SUBSTITUTE(SUBSTITUTE(I44," ",""),"-",""),"(",""),")",""),"+",""),1)="7",LEFT(SUBSTITUTE(SUBSTITUTE(SUBSTITUTE(SUBSTITUTE(SUBSTITUTE(I44," ",""),"-",""),"(",""),")",""),"+",""),1)="8"),ISNUMBER(IFERROR(VALUE(SUBSTITUTE(SUBSTITUTE(SUBSTITUTE(SUBSTITUTE(SUBSTITUTE(I44," ",""),"-",""),"(",""),")",""),"+","")),"x"))),"","Телефон: неверный формат")) | Q44: =TRIM(IF(TRIM(B44)="","Нет наименования. ","")&IF(TRIM(F44)="","Нет адреса. ","")&IF(TRIM(G44)="","Нет контактного лица.","")) | R44: =SUMPRODUCT(--(LEN(K44:Q44)>0)) -> 0 | S44: =IF(R44=0,"Готово к передаче","Требует исправления") -> Готово к передаче | T44: =IF(R44=0,"",_xlfn.TEXTJOIN("; ",TRUE(),K44:Q44)) | U44: =IF(R44=0,"","Здравствуйте! В данных организации «"&B44&"» обнаружены ошибки: "&T44&". Просим проверить и прислать исправленную информацию.") | V44: =IF(R44>0,COUNTIF($R$2:R44,">0"),"") | W44: =IF(R44=0,COUNTIF($R$2:R44,0),"") -> 24
A45: 44 | B45: АО «Атлант Логистик» | C45: 5239030324 | D45: 5195235071653 | E45: 523901006 | F45: г. Нижний Новгород, ул. Садовая, д. 34, оф. 197 | G45: Иванова Н. А. | H45: mail@atlant-logistik.example | I45: +7 (831) 590-42-10 | J45: =IFERROR(VLOOKUP(VALUE(LEFT(C45,2)),Справочники!$A$2:$B$16,2,FALSE()),"не определён") -> Нижегородская область | K45: =IF(TRIM(C45)="","ИНН не указан",IF(LEN(C45)<>10,"ИНН: должно быть 10 цифр",IF(NOT(ISNUMBER(IFERROR(VALUE(C45),"x"))),"ИНН: есть нецифровые символы",IF(MOD(MOD(SUMPRODUCT(--MID(C45,{1,2,3,4,5,6,7,8,9},1),{2,4,10,3,5,9,4,6,8}),11),10)=VALUE(RIGHT(C45,1)),"","ИНН: неверная контрольная цифра")))) | L45: =IF(TRIM(D45)="","ОГРН не указан",IF(LEN(D45)<>13,"ОГРН: должно быть 13 цифр",IF(NOT(ISNUMBER(IFERROR(VALUE(D45),"x"))),"ОГРН: есть нецифровые символы",IF(MOD(VALUE(LEFT(D45,12))-11*INT(VALUE(LEFT(D45,12))/11),10)=VALUE(RIGHT(D45,1)),"","ОГРН: неверная контрольная цифра")))) | M45: =IF(TRIM(E45)="","КПП не указан",IF(LEN(E45)<>9,"КПП: должно быть 9 знаков",IF(NOT(AND(ISNUMBER(IFERROR(VALUE(LEFT(E45,4)),"x")),ISNUMBER(IFERROR(VALUE(RIGHT(E45,3)),"x")))),"КПП: неверный формат",IF(LEFT(E45,2)<>LEFT(C45,2),"КПП: код региона не совпадает с ИНН","")))) | N45: =IF(TRIM(C45)="","",IF(COUNTIF($C$2:$C$401,C45)>1,"Дубликат ИНН в реестре","")) | O45: =IF(TRIM(H45)="","Email не указан",IF(AND(ISNUMBER(FIND("@",H45)),ISNUMBER(FIND(".",H45,IFERROR(FIND("@",H45),1))),ISERROR(FIND(" ",H45)),LEFT(H45,1)<>"@",RIGHT(H45,1)<>".",LEN(H45)-LEN(SUBSTITUTE(H45,"@",""))=1),"","Email: неверный формат")) | P45: =IF(TRIM(I45)="","Телефон не указан",IF(AND(LEN(SUBSTITUTE(SUBSTITUTE(SUBSTITUTE(SUBSTITUTE(SUBSTITUTE(I45," ",""),"-",""),"(",""),")",""),"+",""))=11,OR(LEFT(SUBSTITUTE(SUBSTITUTE(SUBSTITUTE(SUBSTITUTE(SUBSTITUTE(I45," ",""),"-",""),"(",""),")",""),"+",""),1)="7",LEFT(SUBSTITUTE(SUBSTITUTE(SUBSTITUTE(SUBSTITUTE(SUBSTITUTE(I45," ",""),"-",""),"(",""),")",""),"+",""),1)="8"),ISNUMBER(IFERROR(VALUE(SUBSTITUTE(SUBSTITUTE(SUBSTITUTE(SUBSTITUTE(SUBSTITUTE(I45," ",""),"-",""),"(",""),")",""),"+","")),"x"))),"","Телефон: неверный формат")) | Q45: =TRIM(IF(TRIM(B45)="","Нет наименования. ","")&IF(TRIM(F45)="","Нет адреса. ","")&IF(TRIM(G45)="","Нет контактного лица.","")) | R45: =SUMPRODUCT(--(LEN(K45:Q45)>0)) -> 0 | S45: =IF(R45=0,"Готово к передаче","Требует исправления") -> Готово к передаче | T45: =IF(R45=0,"",_xlfn.TEXTJOIN("; ",TRUE(),K45:Q45)) | U45: =IF(R45=0,"","Здравствуйте! В данных организации «"&B45&"» обнаружены ошибки: "&T45&". Просим проверить и прислать исправленную информацию.") | V45: =IF(R45>0,COUNTIF($R$2:R45,">0"),"") | W45: =IF(R45=0,COUNTIF($R$2:R45,0),"") -> 25
A46: 45 | B46: ООО «Орбита Торг» | C46: 7730135170 | D46: 1117709141681 | E46: 773043004 | F46: г. Москва, ул. Мира, д. 89, оф. 35 | G46: Петров Т. В. | H46: info@orbita-torg.example | I46: 8 495 5038580 | J46: =IFERROR(VLOOKUP(VALUE(LEFT(C46,2)),Справочники!$A$2:$B$16,2,FALSE()),"не определён") -> г. Москва | K46: =IF(TRIM(C46)="","ИНН не указан",IF(LEN(C46)<>10,"ИНН: должно быть 10 цифр",IF(NOT(ISNUMBER(IFERROR(VALUE(C46),"x"))),"ИНН: есть нецифровые символы",IF(MOD(MOD(SUMPRODUCT(--MID(C46,{1,2,3,4,5,6,7,8,9},1),{2,4,10,3,5,9,4,6,8}),11),10)=VALUE(RIGHT(C46,1)),"","ИНН: неверная контрольная цифра")))) | L46: =IF(TRIM(D46)="","ОГРН не указан",IF(LEN(D46)<>13,"ОГРН: должно быть 13 цифр",IF(NOT(ISNUMBER(IFERROR(VALUE(D46),"x"))),"ОГРН: есть нецифровые символы",IF(MOD(VALUE(LEFT(D46,12))-11*INT(VALUE(LEFT(D46,12))/11),10)=VALUE(RIGHT(D46,1)),"","ОГРН: неверная контрольная цифра")))) | M46: =IF(TRIM(E46)="","КПП не указан",IF(LEN(E46)<>9,"КПП: должно быть 9 знаков",IF(NOT(AND(ISNUMBER(IFERROR(VALUE(LEFT(E46,4)),"x")),ISNUMBER(IFERROR(VALUE(RIGHT(E46,3)),"x")))),"КПП: неверный формат",IF(LEFT(E46,2)<>LEFT(C46,2),"КПП: код региона не совпадает с ИНН","")))) | N46: =IF(TRIM(C46)="","",IF(COUNTIF($C$2:$C$401,C46)>1,"Дубликат ИНН в реестре","")) | O46: =IF(TRIM(H46)="","Email не указан",IF(AND(ISNUMBER(FIND("@",H46)),ISNUMBER(FIND(".",H46,IFERROR(FIND("@",H46),1))),ISERROR(FIND(" ",H46)),LEFT(H46,1)<>"@",RIGHT(H46,1)<>".",LEN(H46)-LEN(SUBSTITUTE(H46,"@",""))=1),"","Email: неверный формат")) | P46: =IF(TRIM(I46)="","Телефон не указан",IF(AND(LEN(SUBSTITUTE(SUBSTITUTE(SUBSTITUTE(SUBSTITUTE(SUBSTITUTE(I46," ",""),"-",""),"(",""),")",""),"+",""))=11,OR(LEFT(SUBSTITUTE(SUBSTITUTE(SUBSTITUTE(SUBSTITUTE(SUBSTITUTE(I46," ",""),"-",""),"(",""),")",""),"+",""),1)="7",LEFT(SUBSTITUTE(SUBSTITUTE(SUBSTITUTE(SUBSTITUTE(SUBSTITUTE(I46," ",""),"-",""),"(",""),")",""),"+",""),1)="8"),ISNUMBER(IFERROR(VALUE(SUBSTITUTE(SUBSTITUTE(SUBSTITUTE(SUBSTITUTE(SUBSTITUTE(I46," ",""),"-",""),"(",""),")",""),"+","")),"x"))),"","Телефон: неверный формат")) | Q46: =TRIM(IF(TRIM(B46)="","Нет наименования. ","")&IF(TRIM(F46)="","Нет адреса. ","")&IF(TRIM(G46)="","Нет контактного лица.","")) | R46: =SUMPRODUCT(--(LEN(K46:Q46)>0)) -> 0 | S46: =IF(R46=0,"Готово к передаче","Требует исправления") -> Готово к передаче | T46: =IF(R46=0,"",_xlfn.TEXTJOIN("; ",TRUE(),K46:Q46)) | U46: =IF(R46=0,"","Здравствуйте! В данных организации «"&B46&"» обнаружены ошибки: "&T46&". Просим проверить и прислать исправленную информацию.") | V46: =IF(R46>0,COUNTIF($R$2:R46,">0"),"") | W46: =IF(R46=0,COUNTIF($R$2:R46,0),"") -> 26
A47: 46 | B47: ООО «Вектор Трейд» | C47: 2444578277 | D47: 1032427408463 | E47: 244401005 | F47: г. Красноярск, ул. Кирова, д. 120, оф. 275 | G47: Фёдорова С. В. | H47: office@vektor-treid.example | I47: +73915475413 | J47: =IFERROR(VLOOKUP(VALUE(LEFT(C47,2)),Справочники!$A$2:$B$16,2,FALSE()),"не определён") -> Красноярский край | K47: =IF(TRIM(C47)="","ИНН не указан",IF(LEN(C47)<>10,"ИНН: должно быть 10 цифр",IF(NOT(ISNUMBER(IFERROR(VALUE(C47),"x"))),"ИНН: есть нецифровые символы",IF(MOD(MOD(SUMPRODUCT(--MID(C47,{1,2,3,4,5,6,7,8,9},1),{2,4,10,3,5,9,4,6,8}),11),10)=VALUE(RIGHT(C47,1)),"","ИНН: неверная контрольная цифра")))) | L47: =IF(TRIM(D47)="","ОГРН не указан",IF(LEN(D47)<>13,"ОГРН: должно быть 13 цифр",IF(NOT(ISNUMBER(IFERROR(VALUE(D47),"x"))),"ОГРН: есть нецифровые символы",IF(MOD(VALUE(LEFT(D47,12))-11*INT(VALUE(LEFT(D47,12))/11),10)=VALUE(RIGHT(D47,1)),"","ОГРН: неверная контрольная цифра")))) | M47: =IF(TRIM(E47)="","КПП не указан",IF(LEN(E47)<>9,"КПП: должно быть 9 знаков",IF(NOT(AND(ISNUMBER(IFERROR(VALUE(LEFT(E47,4)),"x")),ISNUMBER(IFERROR(VALUE(RIGHT(E47,3)),"x")))),"КПП: неверный формат",IF(LEFT(E47,2)<>LEFT(C47,2),"КПП: код региона не совпадает с ИНН","")))) | N47: =IF(TRIM(C47)="","",IF(COUNTIF($C$2:$C$401,C47)>1,"Дубликат ИНН в реестре","")) | O47: =IF(TRIM(H47)="","Email не указан",IF(AND(ISNUMBER(FIND("@",H47)),ISNUMBER(FIND(".",H47,IFERROR(FIND("@",H47),1))),ISERROR(FIND(" ",H47)),LEFT(H47,1)<>"@",RIGHT(H47,1)<>".",LEN(H47)-LEN(SUBSTITUTE(H47,"@",""))=1),"","Email: неверный формат")) | P47: =IF(TRIM(I47)="","Телефон не указан",IF(AND(LEN(SUBSTITUTE(SUBSTITUTE(SUBSTITUTE(SUBSTITUTE(SUBSTITUTE(I47," ",""),"-",""),"(",""),")",""),"+",""))=11,OR(LEFT(SUBSTITUTE(SUBSTITUTE(SUBSTITUTE(SUBSTITUTE(SUBSTITUTE(I47," ",""),"-",""),"(",""),")",""),"+",""),1)="7",LEFT(SUBSTITUTE(SUBSTITUTE(SUBSTITUTE(SUBSTITUTE(SUBSTITUTE(I47," ",""),"-",""),"(",""),")",""),"+",""),1)="8"),ISNUMBER(IFERROR(VALUE(SUBSTITUTE(SUBSTITUTE(SUBSTITUTE(SUBSTITUTE(SUBSTITUTE(I47," ",""),"-",""),"(",""),")",""),"+","")),"x"))),"","Телефон: неверный формат")) | Q47: =TRIM(IF(TRIM(B47)="","Нет наименования. ","")&IF(TRIM(F47)="","Нет адреса. ","")&IF(TRIM(G47)="","Нет контактного лица.","")) | R47: =SUMPRODUCT(--(LEN(K47:Q47)>0)) -> 0 | S47: =IF(R47=0,"Готово к передаче","Требует исправления") -> Готово к передаче | T47: =IF(R47=0,"",_xlfn.TEXTJOIN("; ",TRUE(),K47:Q47)) | U47: =IF(R47=0,"","Здравствуйте! В данных организации «"&B47&"» обнаружены ошибки: "&T47&". Просим проверить и прислать исправленную информацию.") | V47: =IF(R47>0,COUNTIF($R$2:R47,">0"),"") | W47: =IF(R47=0,COUNTIF($R$2:R47,0),"") -> 27
A48: 47 | B48: АО «Вектор Фуд» | C48: 9119123895 | D48: 1159113353552 | E48: 911943009 | F48: г. Симферополь, ул. Гагарина, д. 20, оф. 106 | G48: Семёнов Е. А. | H48: mail@vektor-fud.example | I48: +7 (365) 520-98-47 | J48: =IFERROR(VLOOKUP(VALUE(LEFT(C48,2)),Справочники!$A$2:$B$16,2,FALSE()),"не определён") -> Республика Крым | K48: =IF(TRIM(C48)="","ИНН не указан",IF(LEN(C48)<>10,"ИНН: должно быть 10 цифр",IF(NOT(ISNUMBER(IFERROR(VALUE(C48),"x"))),"ИНН: есть нецифровые символы",IF(MOD(MOD(SUMPRODUCT(--MID(C48,{1,2,3,4,5,6,7,8,9},1),{2,4,10,3,5,9,4,6,8}),11),10)=VALUE(RIGHT(C48,1)),"","ИНН: неверная контрольная цифра")))) | L48: =IF(TRIM(D48)="","ОГРН не указан",IF(LEN(D48)<>13,"ОГРН: должно быть 13 цифр",IF(NOT(ISNUMBER(IFERROR(VALUE(D48),"x"))),"ОГРН: есть нецифровые символы",IF(MOD(VALUE(LEFT(D48,12))-11*INT(VALUE(LEFT(D48,12))/11),10)=VALUE(RIGHT(D48,1)),"","ОГРН: неверная контрольная цифра")))) | M48: =IF(TRIM(E48)="","КПП не указан",IF(LEN(E48)<>9,"КПП: должно быть 9 знаков",IF(NOT(AND(ISNUMBER(IFERROR(VALUE(LEFT(E48,4)),"x")),ISNUMBER(IFERROR(VALUE(RIGHT(E48,3)),"x")))),"КПП: неверный формат",IF(LEFT(E48,2)<>LEFT(C48,2),"КПП: код региона не совпадает с ИНН","")))) | N48: =IF(TRIM(C48)="","",IF(COUNTIF($C$2:$C$401,C48)>1,"Дубликат ИНН в реестре","")) | O48: =IF(TRIM(H48)="","Email не указан",IF(AND(ISNUMBER(FIND("@",H48)),ISNUMBER(FIND(".",H48,IFERROR(FIND("@",H48),1))),ISERROR(FIND(" ",H48)),LEFT(H48,1)<>"@",RIGHT(H48,1)<>".",LEN(H48)-LEN(SUBSTITUTE(H48,"@",""))=1),"","Email: неверный формат")) | P48: =IF(TRIM(I48)="","Телефон не указан",IF(AND(LEN(SUBSTITUTE(SUBSTITUTE(SUBSTITUTE(SUBSTITUTE(SUBSTITUTE(I48," ",""),"-",""),"(",""),")",""),"+",""))=11,OR(LEFT(SUBSTITUTE(SUBSTITUTE(SUBSTITUTE(SUBSTITUTE(SUBSTITUTE(I48," ",""),"-",""),"(",""),")",""),"+",""),1)="7",LEFT(SUBSTITUTE(SUBSTITUTE(SUBSTITUTE(SUBSTITUTE(SUBSTITUTE(I48," ",""),"-",""),"(",""),")",""),"+",""),1)="8"),ISNUMBER(IFERROR(VALUE(SUBSTITUTE(SUBSTITUTE(SUBSTITUTE(SUBSTITUTE(SUBSTITUTE(I48," ",""),"-",""),"(",""),")",""),"+","")),"x"))),"","Телефон: неверный формат")) | Q48: =TRIM(IF(TRIM(B48)="","Нет наименования. ","")&IF(TRIM(F48)="","Нет адреса. ","")&IF(TRIM(G48)="","Нет контактного лица.","")) | R48: =SUMPRODUCT(--(LEN(K48:Q48)>0)) -> 0 | S48: =IF(R48=0,"Готово к передаче","Требует исправления") -> Готово к передаче | T48: =IF(R48=0,"",_xlfn.TEXTJOIN("; ",TRUE(),K48:Q48)) | U48: =IF(R48=0,"","Здравствуйте! В данных организации «"&B48&"» обнаружены ошибки: "&T48&". Просим проверить и прислать исправленную информацию.") | V48: =IF(R48>0,COUNTIF($R$2:R48,">0"),"") | W48: =IF(R48=0,COUNTIF($R$2:R48,0),"") -> 28
A49: 48 | B49: АО «Заря Монтаж» | C49: 7824756292 | D49: 1107836286854 | E49: 782401006 | F49: г. Санкт-Петербург, ул. Школьная, д. 12, оф. 156 | G49: Смирнова Д. А. | H49: sales@zarya-montazh.example | I49: +7 (812) 571-24-79 | J49: =IFERROR(VLOOKUP(VALUE(LEFT(C49,2)),Справочники!$A$2:$B$16,2,FALSE()),"не определён") -> г. Санкт-Петербург | K49: =IF(TRIM(C49)="","ИНН не указан",IF(LEN(C49)<>10,"ИНН: должно быть 10 цифр",IF(NOT(ISNUMBER(IFERROR(VALUE(C49),"x"))),"ИНН: есть нецифровые символы",IF(MOD(MOD(SUMPRODUCT(--MID(C49,{1,2,3,4,5,6,7,8,9},1),{2,4,10,3,5,9,4,6,8}),11),10)=VALUE(RIGHT(C49,1)),"","ИНН: неверная контрольная цифра")))) | L49: =IF(TRIM(D49)="","ОГРН не указан",IF(LEN(D49)<>13,"ОГРН: должно быть 13 цифр",IF(NOT(ISNUMBER(IFERROR(VALUE(D49),"x"))),"ОГРН: есть нецифровые символы",IF(MOD(VALUE(LEFT(D49,12))-11*INT(VALUE(LEFT(D49,12))/11),10)=VALUE(RIGHT(D49,1)),"","ОГРН: неверная контрольная цифра")))) | M49: =IF(TRIM(E49)="","КПП не указан",IF(LEN(E49)<>9,"КПП: должно быть 9 знаков",IF(NOT(AND(ISNUMBER(IFERROR(VALUE(LEFT(E49,4)),"x")),ISNUMBER(IFERROR(VALUE(RIGHT(E49,3)),"x")))),"КПП: неверный формат",IF(LEFT(E49,2)<>LEFT(C49,2),"КПП: код региона не совпадает с ИНН","")))) | N49: =IF(TRIM(C49)="","",IF(COUNTIF($C$2:$C$401,C49)>1,"Дубликат ИНН в реестре","")) | O49: =IF(TRIM(H49)="","Email не указан",IF(AND(ISNUMBER(FIND("@",H49)),ISNUMBER(FIND(".",H49,IFERROR(FIND("@",H49),1))),ISERROR(FIND(" ",H49)),LEFT(H49,1)<>"@",RIGHT(H49,1)<>".",LEN(H49)-LEN(SUBSTITUTE(H49,"@",""))=1),"","Email: неверный формат")) | P49: =IF(TRIM(I49)="","Телефон не указан",IF(AND(LEN(SUBSTITUTE(SUBSTITUTE(SUBSTITUTE(SUBSTITUTE(SUBSTITUTE(I49," ",""),"-",""),"(",""),")",""),"+",""))=11,OR(LEFT(SUBSTITUTE(SUBSTITUTE(SUBSTITUTE(SUBSTITUTE(SUBSTITUTE(I49," ",""),"-",""),"(",""),")",""),"+",""),1)="7",LEFT(SUBSTITUTE(SUBSTITUTE(SUBSTITUTE(SUBSTITUTE(SUBSTITUTE(I49," ",""),"-",""),"(",""),")",""),"+",""),1)="8"),ISNUMBER(IFERROR(VALUE(SUBSTITUTE(SUBSTITUTE(SUBSTITUTE(SUBSTITUTE(SUBSTITUTE(I49," ",""),"-",""),"(",""),")",""),"+","")),"x"))),"","Телефон: неверный формат")) | Q49: =TRIM(IF(TRIM(B49)="","Нет наименования. ","")&IF(TRIM(F49)="","Нет адреса. ","")&IF(TRIM(G49)="","Нет контактного лица.","")) | R49: =SUMPRODUCT(--(LEN(K49:Q49)>0)) -> 0 | S49: =IF(R49=0,"Готово к передаче","Требует исправления") -> Готово к передаче | T49: =IF(R49=0,"",_xlfn.TEXTJOIN("; ",TRUE(),K49:Q49)) | U49: =IF(R49=0,"","Здравствуйте! В данных организации «"&B49&"» обнаружены ошибки: "&T49&". Просим проверить и прислать исправленную информацию.") | V49: =IF(R49>0,COUNTIF($R$2:R49,">0"),"") | W49: =IF(R49=0,COUNTIF($R$2:R49,0),"") -> 29
A50: 49 | B50: ООО «Навигатор Логистик» | C50: 5017895380 | D50: 1145017770688 | E50: 501743006 | F50: г. Красногорск, ул. Парковая, д. 25, оф. 92 | G50: Попова И. В. | H50: mail@navigator-logistik.example | I50: +74985141870 | J50: =IFERROR(VLOOKUP(VALUE(LEFT(C50,2)),Справочники!$A$2:$B$16,2,FALSE()),"не определён") -> Московская область | K50: =IF(TRIM(C50)="","ИНН не указан",IF(LEN(C50)<>10,"ИНН: должно быть 10 цифр",IF(NOT(ISNUMBER(IFERROR(VALUE(C50),"x"))),"ИНН: есть нецифровые символы",IF(MOD(MOD(SUMPRODUCT(--MID(C50,{1,2,3,4,5,6,7,8,9},1),{2,4,10,3,5,9,4,6,8}),11),10)=VALUE(RIGHT(C50,1)),"","ИНН: неверная контрольная цифра")))) | L50: =IF(TRIM(D50)="","ОГРН не указан",IF(LEN(D50)<>13,"ОГРН: должно быть 13 цифр",IF(NOT(ISNUMBER(IFERROR(VALUE(D50),"x"))),"ОГРН: есть нецифровые символы",IF(MOD(VALUE(LEFT(D50,12))-11*INT(VALUE(LEFT(D50,12))/11),10)=VALUE(RIGHT(D50,1)),"","ОГРН: неверная контрольная цифра")))) | M50: =IF(TRIM(E50)="","КПП не указан",IF(LEN(E50)<>9,"КПП: должно быть 9 знаков",IF(NOT(AND(ISNUMBER(IFERROR(VALUE(LEFT(E50,4)),"x")),ISNUMBER(IFERROR(VALUE(RIGHT(E50,3)),"x")))),"КПП: неверный формат",IF(LEFT(E50,2)<>LEFT(C50,2),"КПП: код региона не совпадает с ИНН","")))) | N50: =IF(TRIM(C50)="","",IF(COUNTIF($C$2:$C$401,C50)>1,"Дубликат ИНН в реестре","")) -> Дубликат ИНН в реестре | O50: =IF(TRIM(H50)="","Email не указан",IF(AND(ISNUMBER(FIND("@",H50)),ISNUMBER(FIND(".",H50,IFERROR(FIND("@",H50),1))),ISERROR(FIND(" ",H50)),LEFT(H50,1)<>"@",RIGHT(H50,1)<>".",LEN(H50)-LEN(SUBSTITUTE(H50,"@",""))=1),"","Email: неверный формат")) | P50: =IF(TRIM(I50)="","Телефон не указан",IF(AND(LEN(SUBSTITUTE(SUBSTITUTE(SUBSTITUTE(SUBSTITUTE(SUBSTITUTE(I50," ",""),"-",""),"(",""),")",""),"+",""))=11,OR(LEFT(SUBSTITUTE(SUBSTITUTE(SUBSTITUTE(SUBSTITUTE(SUBSTITUTE(I50," ",""),"-",""),"(",""),")",""),"+",""),1)="7",LEFT(SUBSTITUTE(SUBSTITUTE(SUBSTITUTE(SUBSTITUTE(SUBSTITUTE(I50," ",""),"-",""),"(",""),")",""),"+",""),1)="8"),ISNUMBER(IFERROR(VALUE(SUBSTITUTE(SUBSTITUTE(SUBSTITUTE(SUBSTITUTE(SUBSTITUTE(I50," ",""),"-",""),"(",""),")",""),"+","")),"x"))),"","Телефон: неверный формат")) | Q50: =TRIM(IF(TRIM(B50)="","Нет наименования. ","")&IF(TRIM(F50)="","Нет адреса. ","")&IF(TRIM(G50)="","Нет контактного лица.","")) | R50: =SUMPRODUCT(--(LEN(K50:Q50)>0)) -> 1 | S50: =IF(R50=0,"Готово к передаче","Требует исправления") -> Требует исправления | T50: =IF(R50=0,"",_xlfn.TEXTJOIN("; ",TRUE(),K50:Q50)) -> Дубликат ИНН в реестре | U50: =IF(R50=0,"","Здравствуйте! В данных организации «"&B50&"» обнаружены ошибки: "&T50&". Просим проверить и прислать исправленную информацию.") -> Здравствуйте! В данных организации «ООО «Навигатор Логистик»» обнаружены ошибки: Дубликат ИНН в реестре. Просим проверить и прислать исправленную информацию. | V50: =IF(R50>0,COUNTIF($R$2:R50,">0"),"") -> 20 | W50: =IF(R50=0,COUNTIF($R$2:R50,0),"")
A51: 50 | B51: ООО «Горизонт Софт» | C51: 2431832494 | D51: 1112410351591 | E51: 243143007 | F51: г. Красноярск, ул. Победы, д. 14, оф. 107 | G51: Козлова И. М. | H51: mail@gorizont-soft.example | I51: +7 (391) 515-43-96 | J51: =IFERROR(VLOOKUP(VALUE(LEFT(C51,2)),Справочники!$A$2:$B$16,2,FALSE()),"не определён") -> Красноярский край | K51: =IF(TRIM(C51)="","ИНН не указан",IF(LEN(C51)<>10,"ИНН: должно быть 10 цифр",IF(NOT(ISNUMBER(IFERROR(VALUE(C51),"x"))),"ИНН: есть нецифровые символы",IF(MOD(MOD(SUMPRODUCT(--MID(C51,{1,2,3,4,5,6,7,8,9},1),{2,4,10,3,5,9,4,6,8}),11),10)=VALUE(RIGHT(C51,1)),"","ИНН: неверная контрольная цифра")))) | L51: =IF(TRIM(D51)="","ОГРН не указан",IF(LEN(D51)<>13,"ОГРН: должно быть 13 цифр",IF(NOT(ISNUMBER(IFERROR(VALUE(D51),"x"))),"ОГРН: есть нецифровые символы",IF(MOD(VALUE(LEFT(D51,12))-11*INT(VALUE(LEFT(D51,12))/11),10)=VALUE(RIGHT(D51,1)),"","ОГРН: неверная контрольная цифра")))) | M51: =IF(TRIM(E51)="","КПП не указан",IF(LEN(E51)<>9,"КПП: должно быть 9 знаков",IF(NOT(AND(ISNUMBER(IFERROR(VALUE(LEFT(E51,4)),"x")),ISNUMBER(IFERROR(VALUE(RIGHT(E51,3)),"x")))),"КПП: неверный формат",IF(LEFT(E51,2)<>LEFT(C51,2),"КПП: код региона не совпадает с ИНН","")))) | N51: =IF(TRIM(C51)="","",IF(COUNTIF($C$2:$C$401,C51)>1,"Дубликат ИНН в реестре","")) | O51: =IF(TRIM(H51)="","Email не указан",IF(AND(ISNUMBER(FIND("@",H51)),ISNUMBER(FIND(".",H51,IFERROR(FIND("@",H51),1))),ISERROR(FIND(" ",H51)),LEFT(H51,1)<>"@",RIGHT(H51,1)<>".",LEN(H51)-LEN(SUBSTITUTE(H51,"@",""))=1),"","Email: неверный формат")) | P51: =IF(TRIM(I51)="","Телефон не указан",IF(AND(LEN(SUBSTITUTE(SUBSTITUTE(SUBSTITUTE(SUBSTITUTE(SUBSTITUTE(I51," ",""),"-",""),"(",""),")",""),"+",""))=11,OR(LEFT(SUBSTITUTE(SUBSTITUTE(SUBSTITUTE(SUBSTITUTE(SUBSTITUTE(I51," ",""),"-",""),"(",""),")",""),"+",""),1)="7",LEFT(SUBSTITUTE(SUBSTITUTE(SUBSTITUTE(SUBSTITUTE(SUBSTITUTE(I51," ",""),"-",""),"(",""),")",""),"+",""),1)="8"),ISNUMBER(IFERROR(VALUE(SUBSTITUTE(SUBSTITUTE(SUBSTITUTE(SUBSTITUTE(SUBSTITUTE(I51," ",""),"-",""),"(",""),")",""),"+","")),"x"))),"","Телефон: неверный формат")) | Q51: =TRIM(IF(TRIM(B51)="","Нет наименования. ","")&IF(TRIM(F51)="","Нет адреса. ","")&IF(TRIM(G51)="","Нет контактного лица.","")) | R51: =SUMPRODUCT(--(LEN(K51:Q51)>0)) -> 0 | S51: =IF(R51=0,"Готово к передаче","Требует исправления") -> Готово к передаче | T51: =IF(R51=0,"",_xlfn.TEXTJOIN("; ",TRUE(),K51:Q51)) | U51: =IF(R51=0,"","Здравствуйте! В данных организации «"&B51&"» обнаружены ошибки: "&T51&". Просим проверить и прислать исправленную информацию.") | V51: =IF(R51>0,COUNTIF($R$2:R51,">0"),"") | W51: =IF(R51=0,COUNTIF($R$2:R51,0),"") -> 30
A52: 51 | B52: ООО «Линия Трейд» | C52: 5019991379 | D52: 5045013857422 | E52: 501901009 | F52: г. Красногорск, ул. Ленина, д. 4, оф. 162 | G52: Фёдорова А. Д. | H52: office@liniya-treid.example | I52: 8 498 5098335 | J52: =IFERROR(VLOOKUP(VALUE(LEFT(C52,2)),Справочники!$A$2:$B$16,2,FALSE()),"не определён") -> Московская область | K52: =IF(TRIM(C52)="","ИНН не указан",IF(LEN(C52)<>10,"ИНН: должно быть 10 цифр",IF(NOT(ISNUMBER(IFERROR(VALUE(C52),"x"))),"ИНН: есть нецифровые символы",IF(MOD(MOD(SUMPRODUCT(--MID(C52,{1,2,3,4,5,6,7,8,9},1),{2,4,10,3,5,9,4,6,8}),11),10)=VALUE(RIGHT(C52,1)),"","ИНН: неверная контрольная цифра")))) | L52: =IF(TRIM(D52)="","ОГРН не указан",IF(LEN(D52)<>13,"ОГРН: должно быть 13 цифр",IF(NOT(ISNUMBER(IFERROR(VALUE(D52),"x"))),"ОГРН: есть нецифровые символы",IF(MOD(VALUE(LEFT(D52,12))-11*INT(VALUE(LEFT(D52,12))/11),10)=VALUE(RIGHT(D52,1)),"","ОГРН: неверная контрольная цифра")))) | M52: =IF(TRIM(E52)="","КПП не указан",IF(LEN(E52)<>9,"КПП: должно быть 9 знаков",IF(NOT(AND(ISNUMBER(IFERROR(VALUE(LEFT(E52,4)),"x")),ISNUMBER(IFERROR(VALUE(RIGHT(E52,3)),"x")))),"КПП: неверный формат",IF(LEFT(E52,2)<>LEFT(C52,2),"КПП: код региона не совпадает с ИНН","")))) | N52: =IF(TRIM(C52)="","",IF(COUNTIF($C$2:$C$401,C52)>1,"Дубликат ИНН в реестре","")) | O52: =IF(TRIM(H52)="","Email не указан",IF(AND(ISNUMBER(FIND("@",H52)),ISNUMBER(FIND(".",H52,IFERROR(FIND("@",H52),1))),ISERROR(FIND(" ",H52)),LEFT(H52,1)<>"@",RIGHT(H52,1)<>".",LEN(H52)-LEN(SUBSTITUTE(H52,"@",""))=1),"","Email: неверный формат")) | P52: =IF(TRIM(I52)="","Телефон не указан",IF(AND(LEN(SUBSTITUTE(SUBSTITUTE(SUBSTITUTE(SUBSTITUTE(SUBSTITUTE(I52," ",""),"-",""),"(",""),")",""),"+",""))=11,OR(LEFT(SUBSTITUTE(SUBSTITUTE(SUBSTITUTE(SUBSTITUTE(SUBSTITUTE(I52," ",""),"-",""),"(",""),")",""),"+",""),1)="7",LEFT(SUBSTITUTE(SUBSTITUTE(SUBSTITUTE(SUBSTITUTE(SUBSTITUTE(I52," ",""),"-",""),"(",""),")",""),"+",""),1)="8"),ISNUMBER(IFERROR(VALUE(SUBSTITUTE(SUBSTITUTE(SUBSTITUTE(SUBSTITUTE(SUBSTITUTE(I52," ",""),"-",""),"(",""),")",""),"+","")),"x"))),"","Телефон: неверный формат")) | Q52: =TRIM(IF(TRIM(B52)="","Нет наименования. ","")&IF(TRIM(F52)="","Нет адреса. ","")&IF(TRIM(G52)="","Нет контактного лица.","")) | R52: =SUMPRODUCT(--(LEN(K52:Q52)>0)) -> 0 | S52: =IF(R52=0,"Готово к передаче","Требует исправления") -> Готово к передаче | T52: =IF(R52=0,"",_xlfn.TEXTJOIN("; ",TRUE(),K52:Q52)) | U52: =IF(R52=0,"","Здравствуйте! В данных организации «"&B52&"» обнаружены ошибки: "&T52&". Просим проверить и прислать исправленную информацию.") | V52: =IF(R52>0,COUNTIF($R$2:R52,">0"),"") | W52: =IF(R52=0,COUNTIF($R$2:R52,0),"") -> 31
... A62: 61 | B62: ООО «Дельта Логистик» | C62: 7720218444 | D62: 5087749580793 | E62: 772001007 | F62: г. Москва, ул. Заводская, д. 13, оф. 173 | G62: Иванов А. А. | H62: mail@delta-logistik.example | I62: +7 (495) 522-85-41 | J62: =IFERROR(VLOOKUP(VALUE(LEFT(C62,2)),Справочники!$A$2:$B$16,2,FALSE()),"не определён") -> г. Москва | K62: =IF(TRIM(C62)="","ИНН не указан",IF(LEN(C62)<>10,"ИНН: должно быть 10 цифр",IF(NOT(ISNUMBER(IFERROR(VALUE(C62),"x"))),"ИНН: есть нецифровые символы",IF(MOD(MOD(SUMPRODUCT(--MID(C62,{1,2,3,4,5,6,7,8,9},1),{2,4,10,3,5,9,4,6,8}),11),10)=VALUE(RIGHT(C62,1)),"","ИНН: неверная контрольная цифра")))) | L62: =IF(TRIM(D62)="","ОГРН не указан",IF(LEN(D62)<>13,"ОГРН: должно быть 13 цифр",IF(NOT(ISNUMBER(IFERROR(VALUE(D62),"x"))),"ОГРН: есть нецифровые символы",IF(MOD(VALUE(LEFT(D62,12))-11*INT(VALUE(LEFT(D62,12))/11),10)=VALUE(RIGHT(D62,1)),"","ОГРН: неверная контрольная цифра")))) | M62: =IF(TRIM(E62)="","КПП не указан",IF(LEN(E62)<>9,"КПП: должно быть 9 знаков",IF(NOT(AND(ISNUMBER(IFERROR(VALUE(LEFT(E62,4)),"x")),ISNUMBER(IFERROR(VALUE(RIGHT(E62,3)),"x")))),"КПП: неверный формат",IF(LEFT(E62,2)<>LEFT(C62,2),"КПП: код региона не совпадает с ИНН","")))) | N62: =IF(TRIM(C62)="","",IF(COUNTIF($C$2:$C$401,C62)>1,"Дубликат ИНН в реестре","")) | O62: =IF(TRIM(H62)="","Email не указан",IF(AND(ISNUMBER(FIND("@",H62)),ISNUMBER(FIND(".",H62,IFERROR(FIND("@",H62),1))),ISERROR(FIND(" ",H62)),LEFT(H62,1)<>"@",RIGHT(H62,1)<>".",LEN(H62)-LEN(SUBSTITUTE(H62,"@",""))=1),"","Email: неверный формат")) | P62: =IF(TRIM(I62)="","Телефон не указан",IF(AND(LEN(SUBSTITUTE(SUBSTITUTE(SUBSTITUTE(SUBSTITUTE(SUBSTITUTE(I62," ",""),"-",""),"(",""),")",""),"+",""))=11,OR(LEFT(SUBSTITUTE(SUBSTITUTE(SUBSTITUTE(SUBSTITUTE(SUBSTITUTE(I62," ",""),"-",""),"(",""),")",""),"+",""),1)="7",LEFT(SUBSTITUTE(SUBSTITUTE(SUBSTITUTE(SUBSTITUTE(SUBSTITUTE(I62," ",""),"-",""),"(",""),")",""),"+",""),1)="8"),ISNUMBER(IFERROR(VALUE(SUBSTITUTE(SUBSTITUTE(SUBSTITUTE(SUBSTITUTE(SUBSTITUTE(I62," ",""),"-",""),"(",""),")",""),"+","")),"x"))),"","Телефон: неверный формат")) | Q62: =TRIM(IF(TRIM(B62)="","Нет наименования. ","")&IF(TRIM(F62)="","Нет адреса. ","")&IF(TRIM(G62)="","Нет контактного лица.","")) | R62: =SUMPRODUCT(--(LEN(K62:Q62)>0)) -> 0 | S62: =IF(R62=0,"Готово к передаче","Требует исправления") -> Готово к передаче | T62: =IF(R62=0,"",_xlfn.TEXTJOIN("; ",TRUE(),K62:Q62)) | U62: =IF(R62=0,"","Здравствуйте! В данных организации «"&B62&"» обнаружены ошибки: "&T62&". Просим проверить и прислать исправленную информацию.") | V62: =IF(R62>0,COUNTIF($R$2:R62,">0"),"") | W62: =IF(R62=0,COUNTIF($R$2:R62,0),"") -> 37
A63: 62 | B63: ООО «Юпитер Транс» | C63: 6310789426 | D63: 5176302444577 | F63: г. Самара, ул. Гагарина, д. 91, оф. 87 | G63: Лебедева В. Д. | H63: office@yupiter-trans.example | J63: =IFERROR(VLOOKUP(VALUE(LEFT(C63,2)),Справочники!$A$2:$B$16,2,FALSE()),"не определён") -> Самарская область | K63: =IF(TRIM(C63)="","ИНН не указан",IF(LEN(C63)<>10,"ИНН: должно быть 10 цифр",IF(NOT(ISNUMBER(IFERROR(VALUE(C63),"x"))),"ИНН: есть нецифровые символы",IF(MOD(MOD(SUMPRODUCT(--MID(C63,{1,2,3,4,5,6,7,8,9},1),{2,4,10,3,5,9,4,6,8}),11),10)=VALUE(RIGHT(C63,1)),"","ИНН: неверная контрольная цифра")))) -> ИНН: неверная контрольная цифра | L63: =IF(TRIM(D63)="","ОГРН не указан",IF(LEN(D63)<>13,"ОГРН: должно быть 13 цифр",IF(NOT(ISNUMBER(IFERROR(VALUE(D63),"x"))),"ОГРН: есть нецифровые символы",IF(MOD(VALUE(LEFT(D63,12))-11*INT(VALUE(LEFT(D63,12))/11),10)=VALUE(RIGHT(D63,1)),"","ОГРН: неверная контрольная цифра")))) | M63: =IF(TRIM(E63)="","КПП не указан",IF(LEN(E63)<>9,"КПП: должно быть 9 знаков",IF(NOT(AND(ISNUMBER(IFERROR(VALUE(LEFT(E63,4)),"x")),ISNUMBER(IFERROR(VALUE(RIGHT(E63,3)),"x")))),"КПП: неверный формат",IF(LEFT(E63,2)<>LEFT(C63,2),"КПП: код региона не совпадает с ИНН","")))) -> КПП не указан | N63: =IF(TRIM(C63)="","",IF(COUNTIF($C$2:$C$401,C63)>1,"Дубликат ИНН в реестре","")) | O63: =IF(TRIM(H63)="","Email не указан",IF(AND(ISNUMBER(FIND("@",H63)),ISNUMBER(FIND(".",H63,IFERROR(FIND("@",H63),1))),ISERROR(FIND(" ",H63)),LEFT(H63,1)<>"@",RIGHT(H63,1)<>".",LEN(H63)-LEN(SUBSTITUTE(H63,"@",""))=1),"","Email: неверный формат")) | P63: =IF(TRIM(I63)="","Телефон не указан",IF(AND(LEN(SUBSTITUTE(SUBSTITUTE(SUBSTITUTE(SUBSTITUTE(SUBSTITUTE(I63," ",""),"-",""),"(",""),")",""),"+",""))=11,OR(LEFT(SUBSTITUTE(SUBSTITUTE(SUBSTITUTE(SUBSTITUTE(SUBSTITUTE(I63," ",""),"-",""),"(",""),")",""),"+",""),1)="7",LEFT(SUBSTITUTE(SUBSTITUTE(SUBSTITUTE(SUBSTITUTE(SUBSTITUTE(I63," ",""),"-",""),"(",""),")",""),"+",""),1)="8"),ISNUMBER(IFERROR(VALUE(SUBSTITUTE(SUBSTITUTE(SUBSTITUTE(SUBSTITUTE(SUBSTITUTE(I63," ",""),"-",""),"(",""),")",""),"+","")),"x"))),"","Телефон: неверный формат")) -> Телефон не указан | Q63: =TRIM(IF(TRIM(B63)="","Нет наименования. ","")&IF(TRIM(F63)="","Нет адреса. ","")&IF(TRIM(G63)="","Нет контактного лица.","")) | R63: =SUMPRODUCT(--(LEN(K63:Q63)>0)) -> 3 | S63: =IF(R63=0,"Готово к передаче","Требует исправления") -> Требует исправления | T63: =IF(R63=0,"",_xlfn.TEXTJOIN("; ",TRUE(),K63:Q63)) -> ИНН: неверная контрольная цифра; КПП не указан; Телефон не указан | U63: =IF(R63=0,"","Здравствуйте! В данных организации «"&B63&"» обнаружены ошибки: "&T63&". Просим проверить и прислать исправленную информацию.") -> Здравствуйте! В данных организации «ООО «Юпитер Транс»» обнаружены ошибки: ИНН: неверная контрольная цифра; КПП не указан; Телефон не указан. Просим проверить и прислать исправленную информацию. | V63: =IF(R63>0,COUNTIF($R$2:R63,">0"),"") -> 25 | W63: =IF(R63=0,COUNTIF($R$2:R63,0),"")
A64: 63 | B64: ООО «Заря Логистик» | C64: 7827161222 | D64: 5197808177397 | E64: 782745002 | F64: г. Санкт-Петербург, ул. Школьная, д. 63, оф. 12 | G64: Попов Д. В. | H64: zakaz@zarya-logistik.example | I64: 8 812 5272404 | J64: =IFERROR(VLOOKUP(VALUE(LEFT(C64,2)),Справочники!$A$2:$B$16,2,FALSE()),"не определён") -> г. Санкт-Петербург | K64: =IF(TRIM(C64)="","ИНН не указан",IF(LEN(C64)<>10,"ИНН: должно быть 10 цифр",IF(NOT(ISNUMBER(IFERROR(VALUE(C64),"x"))),"ИНН: есть нецифровые символы",IF(MOD(MOD(SUMPRODUCT(--MID(C64,{1,2,3,4,5,6,7,8,9},1),{2,4,10,3,5,9,4,6,8}),11),10)=VALUE(RIGHT(C64,1)),"","ИНН: неверная контрольная цифра")))) | L64: =IF(TRIM(D64)="","ОГРН не указан",IF(LEN(D64)<>13,"ОГРН: должно быть 13 цифр",IF(NOT(ISNUMBER(IFERROR(VALUE(D64),"x"))),"ОГРН: есть нецифровые символы",IF(MOD(VALUE(LEFT(D64,12))-11*INT(VALUE(LEFT(D64,12))/11),10)=VALUE(RIGHT(D64,1)),"","ОГРН: неверная контрольная цифра")))) | M64: =IF(TRIM(E64)="","КПП не указан",IF(LEN(E64)<>9,"КПП: должно быть 9 знаков",IF(NOT(AND(ISNUMBER(IFERROR(VALUE(LEFT(E64,4)),"x")),ISNUMBER(IFERROR(VALUE(RIGHT(E64,3)),"x")))),"КПП: неверный формат",IF(LEFT(E64,2)<>LEFT(C64,2),"КПП: код региона не совпадает с ИНН","")))) | N64: =IF(TRIM(C64)="","",IF(COUNTIF($C$2:$C$401,C64)>1,"Дубликат ИНН в реестре","")) | O64: =IF(TRIM(H64)="","Email не указан",IF(AND(ISNUMBER(FIND("@",H64)),ISNUMBER(FIND(".",H64,IFERROR(FIND("@",H64),1))),ISERROR(FIND(" ",H64)),LEFT(H64,1)<>"@",RIGHT(H64,1)<>".",LEN(H64)-LEN(SUBSTITUTE(H64,"@",""))=1),"","Email: неверный формат")) | P64: =IF(TRIM(I64)="","Телефон не указан",IF(AND(LEN(SUBSTITUTE(SUBSTITUTE(SUBSTITUTE(SUBSTITUTE(SUBSTITUTE(I64," ",""),"-",""),"(",""),")",""),"+",""))=11,OR(LEFT(SUBSTITUTE(SUBSTITUTE(SUBSTITUTE(SUBSTITUTE(SUBSTITUTE(I64," ",""),"-",""),"(",""),")",""),"+",""),1)="7",LEFT(SUBSTITUTE(SUBSTITUTE(SUBSTITUTE(SUBSTITUTE(SUBSTITUTE(I64," ",""),"-",""),"(",""),")",""),"+",""),1)="8"),ISNUMBER(IFERROR(VALUE(SUBSTITUTE(SUBSTITUTE(SUBSTITUTE(SUBSTITUTE(SUBSTITUTE(I64," ",""),"-",""),"(",""),")",""),"+","")),"x"))),"","Телефон: неверный формат")) | Q64: =TRIM(IF(TRIM(B64)="","Нет наименования. ","")&IF(TRIM(F64)="","Нет адреса. ","")&IF(TRIM(G64)="","Нет контактного лица.","")) | R64: =SUMPRODUCT(--(LEN(K64:Q64)>0)) -> 0 | S64: =IF(R64=0,"Готово к передаче","Требует исправления") -> Готово к передаче | T64: =IF(R64=0,"",_xlfn.TEXTJOIN("; ",TRUE(),K64:Q64)) | U64: =IF(R64=0,"","Здравствуйте! В данных организации «"&B64&"» обнаружены ошибки: "&T64&". Просим проверить и прислать исправленную информацию.") | V64: =IF(R64>0,COUNTIF($R$2:R64,">0"),"") | W64: =IF(R64=0,COUNTIF($R$2:R64,0),"") -> 38
A65: 64 | B65: АО «Берег Монтаж» | C65: 7732543826 | D65: 1127738607963 | F65: г. Москва, ул. Набережная, д. 93, оф. 47 | G65: Михайлов Д. О. | H65: office@bereg-montazh.example | I65: +74955937068 | J65: =IFERROR(VLOOKUP(VALUE(LEFT(C65,2)),Справочники!$A$2:$B$16,2,FALSE()),"не определён") -> г. Москва | K65: =IF(TRIM(C65)="","ИНН не указан",IF(LEN(C65)<>10,"ИНН: должно быть 10 цифр",IF(NOT(ISNUMBER(IFERROR(VALUE(C65),"x"))),"ИНН: есть нецифровые символы",IF(MOD(MOD(SUMPRODUCT(--MID(C65,{1,2,3,4,5,6,7,8,9},1),{2,4,10,3,5,9,4,6,8}),11),10)=VALUE(RIGHT(C65,1)),"","ИНН: неверная контрольная цифра")))) | L65: =IF(TRIM(D65)="","ОГРН не указан",IF(LEN(D65)<>13,"ОГРН: должно быть 13 цифр",IF(NOT(ISNUMBER(IFERROR(VALUE(D65),"x"))),"ОГРН: есть нецифровые символы",IF(MOD(VALUE(LEFT(D65,12))-11*INT(VALUE(LEFT(D65,12))/11),10)=VALUE(RIGHT(D65,1)),"","ОГРН: неверная контрольная цифра")))) | M65: =IF(TRIM(E65)="","КПП не указан",IF(LEN(E65)<>9,"КПП: должно быть 9 знаков",IF(NOT(AND(ISNUMBER(IFERROR(VALUE(LEFT(E65,4)),"x")),ISNUMBER(IFERROR(VALUE(RIGHT(E65,3)),"x")))),"КПП: неверный формат",IF(LEFT(E65,2)<>LEFT(C65,2),"КПП: код региона не совпадает с ИНН","")))) -> КПП не указан | N65: =IF(TRIM(C65)="","",IF(COUNTIF($C$2:$C$401,C65)>1,"Дубликат ИНН в реестре","")) | O65: =IF(TRIM(H65)="","Email не указан",IF(AND(ISNUMBER(FIND("@",H65)),ISNUMBER(FIND(".",H65,IFERROR(FIND("@",H65),1))),ISERROR(FIND(" ",H65)),LEFT(H65,1)<>"@",RIGHT(H65,1)<>".",LEN(H65)-LEN(SUBSTITUTE(H65,"@",""))=1),"","Email: неверный формат")) | P65: =IF(TRIM(I65)="","Телефон не указан",IF(AND(LEN(SUBSTITUTE(SUBSTITUTE(SUBSTITUTE(SUBSTITUTE(SUBSTITUTE(I65," ",""),"-",""),"(",""),")",""),"+",""))=11,OR(LEFT(SUBSTITUTE(SUBSTITUTE(SUBSTITUTE(SUBSTITUTE(SUBSTITUTE(I65," ",""),"-",""),"(",""),")",""),"+",""),1)="7",LEFT(SUBSTITUTE(SUBSTITUTE(SUBSTITUTE(SUBSTITUTE(SUBSTITUTE(I65," ",""),"-",""),"(",""),")",""),"+",""),1)="8"),ISNUMBER(IFERROR(VALUE(SUBSTITUTE(SUBSTITUTE(SUBSTITUTE(SUBSTITUTE(SUBSTITUTE(I65," ",""),"-",""),"(",""),")",""),"+","")),"x"))),"","Телефон: неверный формат")) | Q65: =TRIM(IF(TRIM(B65)="","Нет наименования. ","")&IF(TRIM(F65)="","Нет адреса. ","")&IF(TRIM(G65)="","Нет контактного лица.","")) | R65: =SUMPRODUCT(--(LEN(K65:Q65)>0)) -> 1 | S65: =IF(R65=0,"Готово к передаче","Требует исправления") -> Требует исправления | T65: =IF(R65=0,"",_xlfn.TEXTJOIN("; ",TRUE(),K65:Q65)) -> КПП не указан | U65: =IF(R65=0,"","Здравствуйте! В данных организации «"&B65&"» обнаружены ошибки: "&T65&". Просим проверить и прислать исправленную информацию.") -> Здравствуйте! В данных организации «АО «Берег Монтаж»» обнаружены ошибки: КПП не указан. Просим проверить и прислать исправленную информацию. | V65: =IF(R65>0,COUNTIF($R$2:R65,">0"),"") -> 26 | W65: =IF(R65=0,COUNTIF($R$2:R65,0),"")
A66: 65 | B66: ООО «Радуга Трейд» | C66: 2410677544 | D66: 1202402863992 | E66: 241045003 | F66: г. Красноярск, ул. Ленина, д. 68, оф. 69 | G66: Алексеева О. О. | H66: mail@raduga-treid.example | I66: 8 391 5028322 | J66: =IFERROR(VLOOKUP(VALUE(LEFT(C66,2)),Справочники!$A$2:$B$16,2,FALSE()),"не определён") -> Красноярский край | K66: =IF(TRIM(C66)="","ИНН не указан",IF(LEN(C66)<>10,"ИНН: должно быть 10 цифр",IF(NOT(ISNUMBER(IFERROR(VALUE(C66),"x"))),"ИНН: есть нецифровые символы",IF(MOD(MOD(SUMPRODUCT(--MID(C66,{1,2,3,4,5,6,7,8,9},1),{2,4,10,3,5,9,4,6,8}),11),10)=VALUE(RIGHT(C66,1)),"","ИНН: неверная контрольная цифра")))) | L66: =IF(TRIM(D66)="","ОГРН не указан",IF(LEN(D66)<>13,"ОГРН: должно быть 13 цифр",IF(NOT(ISNUMBER(IFERROR(VALUE(D66),"x"))),"ОГРН: есть нецифровые символы",IF(MOD(VALUE(LEFT(D66,12))-11*INT(VALUE(LEFT(D66,12))/11),10)=VALUE(RIGHT(D66,1)),"","ОГРН: неверная контрольная цифра")))) | M66: =IF(TRIM(E66)="","КПП не указан",IF(LEN(E66)<>9,"КПП: должно быть 9 знаков",IF(NOT(AND(ISNUMBER(IFERROR(VALUE(LEFT(E66,4)),"x")),ISNUMBER(IFERROR(VALUE(RIGHT(E66,3)),"x")))),"КПП: неверный формат",IF(LEFT(E66,2)<>LEFT(C66,2),"КПП: код региона не совпадает с ИНН","")))) | N66: =IF(TRIM(C66)="","",IF(COUNTIF($C$2:$C$401,C66)>1,"Дубликат ИНН в реестре","")) | O66: =IF(TRIM(H66)="","Email не указан",IF(AND(ISNUMBER(FIND("@",H66)),ISNUMBER(FIND(".",H66,IFERROR(FIND("@",H66),1))),ISERROR(FIND(" ",H66)),LEFT(H66,1)<>"@",RIGHT(H66,1)<>".",LEN(H66)-LEN(SUBSTITUTE(H66,"@",""))=1),"","Email: неверный формат")) | P66: =IF(TRIM(I66)="","Телефон не указан",IF(AND(LEN(SUBSTITUTE(SUBSTITUTE(SUBSTITUTE(SUBSTITUTE(SUBSTITUTE(I66," ",""),"-",""),"(",""),")",""),"+",""))=11,OR(LEFT(SUBSTITUTE(SUBSTITUTE(SUBSTITUTE(SUBSTITUTE(SUBSTITUTE(I66," ",""),"-",""),"(",""),")",""),"+",""),1)="7",LEFT(SUBSTITUTE(SUBSTITUTE(SUBSTITUTE(SUBSTITUTE(SUBSTITUTE(I66," ",""),"-",""),"(",""),")",""),"+",""),1)="8"),ISNUMBER(IFERROR(VALUE(SUBSTITUTE(SUBSTITUTE(SUBSTITUTE(SUBSTITUTE(SUBSTITUTE(I66," ",""),"-",""),"(",""),")",""),"+","")),"x"))),"","Телефон: неверный формат")) | Q66: =TRIM(IF(TRIM(B66)="","Нет наименования. ","")&IF(TRIM(F66)="","Нет адреса. ","")&IF(TRIM(G66)="","Нет контактного лица.","")) | R66: =SUMPRODUCT(--(LEN(K66:Q66)>0)) -> 0 | S66: =IF(R66=0,"Готово к передаче","Требует исправления") -> Готово к передаче | T66: =IF(R66=0,"",_xlfn.TEXTJOIN("; ",TRUE(),K66:Q66)) | U66: =IF(R66=0,"","Здравствуйте! В данных организации «"&B66&"» обнаружены ошибки: "&T66&". Просим проверить и прислать исправленную информацию.") | V66: =IF(R66>0,COUNTIF($R$2:R66,">0"),"") | W66: =IF(R66=0,COUNTIF($R$2:R66,0),"") -> 39
A67: 66 | B67: ООО «Навигатор Энерго» | C67: 7744778452 | D67: 5037725078925 | E67: 774401009 | F67: г. Москва, ул. Набережная, д. 76, оф. 285 | G67: Павлова Н. А. | H67: zakaz@navigator-energo.example | I67: 8 495 5328005 | J67: =IFERROR(VLOOKUP(VALUE(LEFT(C67,2)),Справочники!$A$2:$B$16,2,FALSE()),"не определён") -> г. Москва | K67: =IF(TRIM(C67)="","ИНН не указан",IF(LEN(C67)<>10,"ИНН: должно быть 10 цифр",IF(NOT(ISNUMBER(IFERROR(VALUE(C67),"x"))),"ИНН: есть нецифровые символы",IF(MOD(MOD(SUMPRODUCT(--MID(C67,{1,2,3,4,5,6,7,8,9},1),{2,4,10,3,5,9,4,6,8}),11),10)=VALUE(RIGHT(C67,1)),"","ИНН: неверная контрольная цифра")))) | L67: =IF(TRIM(D67)="","ОГРН не указан",IF(LEN(D67)<>13,"ОГРН: должно быть 13 цифр",IF(NOT(ISNUMBER(IFERROR(VALUE(D67),"x"))),"ОГРН: есть нецифровые символы",IF(MOD(VALUE(LEFT(D67,12))-11*INT(VALUE(LEFT(D67,12))/11),10)=VALUE(RIGHT(D67,1)),"","ОГРН: неверная контрольная цифра")))) | M67: =IF(TRIM(E67)="","КПП не указан",IF(LEN(E67)<>9,"КПП: должно быть 9 знаков",IF(NOT(AND(ISNUMBER(IFERROR(VALUE(LEFT(E67,4)),"x")),ISNUMBER(IFERROR(VALUE(RIGHT(E67,3)),"x")))),"КПП: неверный формат",IF(LEFT(E67,2)<>LEFT(C67,2),"КПП: код региона не совпадает с ИНН","")))) | N67: =IF(TRIM(C67)="","",IF(COUNTIF($C$2:$C$401,C67)>1,"Дубликат ИНН в реестре","")) | O67: =IF(TRIM(H67)="","Email не указан",IF(AND(ISNUMBER(FIND("@",H67)),ISNUMBER(FIND(".",H67,IFERROR(FIND("@",H67),1))),ISERROR(FIND(" ",H67)),LEFT(H67,1)<>"@",RIGHT(H67,1)<>".",LEN(H67)-LEN(SUBSTITUTE(H67,"@",""))=1),"","Email: неверный формат")) | P67: =IF(TRIM(I67)="","Телефон не указан",IF(AND(LEN(SUBSTITUTE(SUBSTITUTE(SUBSTITUTE(SUBSTITUTE(SUBSTITUTE(I67," ",""),"-",""),"(",""),")",""),"+",""))=11,OR(LEFT(SUBSTITUTE(SUBSTITUTE(SUBSTITUTE(SUBSTITUTE(SUBSTITUTE(I67," ",""),"-",""),"(",""),")",""),"+",""),1)="7",LEFT(SUBSTITUTE(SUBSTITUTE(SUBSTITUTE(SUBSTITUTE(SUBSTITUTE(I67," ",""),"-",""),"(",""),")",""),"+",""),1)="8"),ISNUMBER(IFERROR(VALUE(SUBSTITUTE(SUBSTITUTE(SUBSTITUTE(SUBSTITUTE(SUBSTITUTE(I67," ",""),"-",""),"(",""),")",""),"+","")),"x"))),"","Телефон: неверный формат")) | Q67: =TRIM(IF(TRIM(B67)="","Нет наименования. ","")&IF(TRIM(F67)="","Нет адреса. ","")&IF(TRIM(G67)="","Нет контактного лица.","")) | R67: =SUMPRODUCT(--(LEN(K67:Q67)>0)) -> 0 | S67: =IF(R67=0,"Готово к передаче","Требует исправления") -> Готово к передаче | T67: =IF(R67=0,"",_xlfn.TEXTJOIN("; ",TRUE(),K67:Q67)) | U67: =IF(R67=0,"","Здравствуйте! В данных организации «"&B67&"» обнаружены ошибки: "&T67&". Просим проверить и прислать исправленную информацию.") | V67: =IF(R67>0,COUNTIF($R$2:R67,">0"),"") | W67: =IF(R67=0,COUNTIF($R$2:R67,0),"") -> 40
A68: 67 | B68: ООО «Тандем Энерго» | C68: 6312503441 | D68: 5156347255059 | E68: 631243009 | F68: г. Самара, ул. Советская, д. 118, оф. 240 | G68: Кузнецова Е. С. | H68: zakaz@tandem-energo.example | I68: +7 (846) 588-14-92 | J68: =IFERROR(VLOOKUP(VALUE(LEFT(C68,2)),Справочники!$A$2:$B$16,2,FALSE()),"не определён") -> Самарская область | K68: =IF(TRIM(C68)="","ИНН не указан",IF(LEN(C68)<>10,"ИНН: должно быть 10 цифр",IF(NOT(ISNUMBER(IFERROR(VALUE(C68),"x"))),"ИНН: есть нецифровые символы",IF(MOD(MOD(SUMPRODUCT(--MID(C68,{1,2,3,4,5,6,7,8,9},1),{2,4,10,3,5,9,4,6,8}),11),10)=VALUE(RIGHT(C68,1)),"","ИНН: неверная контрольная цифра")))) | L68: =IF(TRIM(D68)="","ОГРН не указан",IF(LEN(D68)<>13,"ОГРН: должно быть 13 цифр",IF(NOT(ISNUMBER(IFERROR(VALUE(D68),"x"))),"ОГРН: есть нецифровые символы",IF(MOD(VALUE(LEFT(D68,12))-11*INT(VALUE(LEFT(D68,12))/11),10)=VALUE(RIGHT(D68,1)),"","ОГРН: неверная контрольная цифра")))) | M68: =IF(TRIM(E68)="","КПП не указан",IF(LEN(E68)<>9,"КПП: должно быть 9 знаков",IF(NOT(AND(ISNUMBER(IFERROR(VALUE(LEFT(E68,4)),"x")),ISNUMBER(IFERROR(VALUE(RIGHT(E68,3)),"x")))),"КПП: неверный формат",IF(LEFT(E68,2)<>LEFT(C68,2),"КПП: код региона не совпадает с ИНН","")))) | N68: =IF(TRIM(C68)="","",IF(COUNTIF($C$2:$C$401,C68)>1,"Дубликат ИНН в реестре","")) | O68: =IF(TRIM(H68)="","Email не указан",IF(AND(ISNUMBER(FIND("@",H68)),ISNUMBER(FIND(".",H68,IFERROR(FIND("@",H68),1))),ISERROR(FIND(" ",H68)),LEFT(H68,1)<>"@",RIGHT(H68,1)<>".",LEN(H68)-LEN(SUBSTITUTE(H68,"@",""))=1),"","Email: неверный формат")) | P68: =IF(TRIM(I68)="","Телефон не указан",IF(AND(LEN(SUBSTITUTE(SUBSTITUTE(SUBSTITUTE(SUBSTITUTE(SUBSTITUTE(I68," ",""),"-",""),"(",""),")",""),"+",""))=11,OR(LEFT(SUBSTITUTE(SUBSTITUTE(SUBSTITUTE(SUBSTITUTE(SUBSTITUTE(I68," ",""),"-",""),"(",""),")",""),"+",""),1)="7",LEFT(SUBSTITUTE(SUBSTITUTE(SUBSTITUTE(SUBSTITUTE(SUBSTITUTE(I68," ",""),"-",""),"(",""),")",""),"+",""),1)="8"),ISNUMBER(IFERROR(VALUE(SUBSTITUTE(SUBSTITUTE(SUBSTITUTE(SUBSTITUTE(SUBSTITUTE(I68," ",""),"-",""),"(",""),")",""),"+","")),"x"))),"","Телефон: неверный формат")) | Q68: =TRIM(IF(TRIM(B68)="","Нет наименования. ","")&IF(TRIM(F68)="","Нет адреса. ","")&IF(TRIM(G68)="","Нет контактного лица.","")) | R68: =SUMPRODUCT(--(LEN(K68:Q68)>0)) -> 0 | S68: =IF(R68=0,"Готово к передаче","Требует исправления") -> Готово к передаче | T68: =IF(R68=0,"",_xlfn.TEXTJOIN("; ",TRUE(),K68:Q68)) | U68: =IF(R68=0,"","Здравствуйте! В данных организации «"&B68&"» обнаружены ошибки: "&T68&". Просим проверить и прислать исправленную информацию.") | V68: =IF(R68>0,COUNTIF($R$2:R68,">0"),"") | W68: =IF(R68=0,COUNTIF($R$2:R68,0),"") -> 41
A69: 68 | B69: АО «Квант Агро» | C69: 66235263076 | D69: 1166603026061 | E69: 662301003 | F69: г. Екатеринбург, ул. Парковая, д. 70, оф. 208 | G69: Кузнецова И. В. | H69: sales@kvant-agro.example | I69: +7 (343) 550-86-52 | J69: =IFERROR(VLOOKUP(VALUE(LEFT(C69,2)),Справочники!$A$2:$B$16,2,FALSE()),"не определён") -> Свердловская область | K69: =IF(TRIM(C69)="","ИНН не указан",IF(LEN(C69)<>10,"ИНН: должно быть 10 цифр",IF(NOT(ISNUMBER(IFERROR(VALUE(C69),"x"))),"ИНН: есть нецифровые символы",IF(MOD(MOD(SUMPRODUCT(--MID(C69,{1,2,3,4,5,6,7,8,9},1),{2,4,10,3,5,9,4,6,8}),11),10)=VALUE(RIGHT(C69,1)),"","ИНН: неверная контрольная цифра")))) -> ИНН: должно быть 10 цифр | L69: =IF(TRIM(D69)="","ОГРН не указан",IF(LEN(D69)<>13,"ОГРН: должно быть 13 цифр",IF(NOT(ISNUMBER(IFERROR(VALUE(D69),"x"))),"ОГРН: есть нецифровые символы",IF(MOD(VALUE(LEFT(D69,12))-11*INT(VALUE(LEFT(D69,12))/11),10)=VALUE(RIGHT(D69,1)),"","ОГРН: неверная контрольная цифра")))) | M69: =IF(TRIM(E69)="","КПП не указан",IF(LEN(E69)<>9,"КПП: должно быть 9 знаков",IF(NOT(AND(ISNUMBER(IFERROR(VALUE(LEFT(E69,4)),"x")),ISNUMBER(IFERROR(VALUE(RIGHT(E69,3)),"x")))),"КПП: неверный формат",IF(LEFT(E69,2)<>LEFT(C69,2),"КПП: код региона не совпадает с ИНН","")))) | N69: =IF(TRIM(C69)="","",IF(COUNTIF($C$2:$C$401,C69)>1,"Дубликат ИНН в реестре","")) | O69: =IF(TRIM(H69)="","Email не указан",IF(AND(ISNUMBER(FIND("@",H69)),ISNUMBER(FIND(".",H69,IFERROR(FIND("@",H69),1))),ISERROR(FIND(" ",H69)),LEFT(H69,1)<>"@",RIGHT(H69,1)<>".",LEN(H69)-LEN(SUBSTITUTE(H69,"@",""))=1),"","Email: неверный формат")) | P69: =IF(TRIM(I69)="","Телефон не указан",IF(AND(LEN(SUBSTITUTE(SUBSTITUTE(SUBSTITUTE(SUBSTITUTE(SUBSTITUTE(I69," ",""),"-",""),"(",""),")",""),"+",""))=11,OR(LEFT(SUBSTITUTE(SUBSTITUTE(SUBSTITUTE(SUBSTITUTE(SUBSTITUTE(I69," ",""),"-",""),"(",""),")",""),"+",""),1)="7",LEFT(SUBSTITUTE(SUBSTITUTE(SUBSTITUTE(SUBSTITUTE(SUBSTITUTE(I69," ",""),"-",""),"(",""),")",""),"+",""),1)="8"),ISNUMBER(IFERROR(VALUE(SUBSTITUTE(SUBSTITUTE(SUBSTITUTE(SUBSTITUTE(SUBSTITUTE(I69," ",""),"-",""),"(",""),")",""),"+","")),"x"))),"","Телефон: неверный формат")) | Q69: =TRIM(IF(TRIM(B69)="","Нет наименования. ","")&IF(TRIM(F69)="","Нет адреса. ","")&IF(TRIM(G69)="","Нет контактного лица.","")) | R69: =SUMPRODUCT(--(LEN(K69:Q69)>0)) -> 1 | S69: =IF(R69=0,"Готово к передаче","Требует исправления") -> Требует исправления | T69: =IF(R69=0,"",_xlfn.TEXTJOIN("; ",TRUE(),K69:Q69)) -> ИНН: должно быть 10 цифр | U69: =IF(R69=0,"","Здравствуйте! В данных организации «"&B69&"» обнаружены ошибки: "&T69&". Просим проверить и прислать исправленную информацию.") -> Здравствуйте! В данных организации «АО «Квант Агро»» обнаружены ошибки: ИНН: должно быть 10 цифр. Просим проверить и прислать исправленную информацию. | V69: =IF(R69>0,COUNTIF($R$2:R69,">0"),"") -> 27 | W69: =IF(R69=0,COUNTIF($R$2:R69,0),"")
A70: 69 | B70: ООО «Орбита Агро» | C70: 7705263932 | D70: 5057704957536 | E70: 770501007 | F70: г. Москва, ул. Парковая, д. 113, оф. 249 | H70: info@orbita-agro.example | I70: +7 (495) 592-70-19 | J70: =IFERROR(VLOOKUP(VALUE(LEFT(C70,2)),Справочники!$A$2:$B$16,2,FALSE()),"не определён") -> г. Москва | K70: =IF(TRIM(C70)="","ИНН не указан",IF(LEN(C70)<>10,"ИНН: должно быть 10 цифр",IF(NOT(ISNUMBER(IFERROR(VALUE(C70),"x"))),"ИНН: есть нецифровые символы",IF(MOD(MOD(SUMPRODUCT(--MID(C70,{1,2,3,4,5,6,7,8,9},1),{2,4,10,3,5,9,4,6,8}),11),10)=VALUE(RIGHT(C70,1)),"","ИНН: неверная контрольная цифра")))) | L70: =IF(TRIM(D70)="","ОГРН не указан",IF(LEN(D70)<>13,"ОГРН: должно быть 13 цифр",IF(NOT(ISNUMBER(IFERROR(VALUE(D70),"x"))),"ОГРН: есть нецифровые символы",IF(MOD(VALUE(LEFT(D70,12))-11*INT(VALUE(LEFT(D70,12))/11),10)=VALUE(RIGHT(D70,1)),"","ОГРН: неверная контрольная цифра")))) | M70: =IF(TRIM(E70)="","КПП не указан",IF(LEN(E70)<>9,"КПП: должно быть 9 знаков",IF(NOT(AND(ISNUMBER(IFERROR(VALUE(LEFT(E70,4)),"x")),ISNUMBER(IFERROR(VALUE(RIGHT(E70,3)),"x")))),"КПП: неверный формат",IF(LEFT(E70,2)<>LEFT(C70,2),"КПП: код региона не совпадает с ИНН","")))) | N70: =IF(TRIM(C70)="","",IF(COUNTIF($C$2:$C$401,C70)>1,"Дубликат ИНН в реестре","")) | O70: =IF(TRIM(H70)="","Email не указан",IF(AND(ISNUMBER(FIND("@",H70)),ISNUMBER(FIND(".",H70,IFERROR(FIND("@",H70),1))),ISERROR(FIND(" ",H70)),LEFT(H70,1)<>"@",RIGHT(H70,1)<>".",LEN(H70)-LEN(SUBSTITUTE(H70,"@",""))=1),"","Email: неверный формат")) | P70: =IF(TRIM(I70)="","Телефон не указан",IF(AND(LEN(SUBSTITUTE(SUBSTITUTE(SUBSTITUTE(SUBSTITUTE(SUBSTITUTE(I70," ",""),"-",""),"(",""),")",""),"+",""))=11,OR(LEFT(SUBSTITUTE(SUBSTITUTE(SUBSTITUTE(SUBSTITUTE(SUBSTITUTE(I70," ",""),"-",""),"(",""),")",""),"+",""),1)="7",LEFT(SUBSTITUTE(SUBSTITUTE(SUBSTITUTE(SUBSTITUTE(SUBSTITUTE(I70," ",""),"-",""),"(",""),")",""),"+",""),1)="8"),ISNUMBER(IFERROR(VALUE(SUBSTITUTE(SUBSTITUTE(SUBSTITUTE(SUBSTITUTE(SUBSTITUTE(I70," ",""),"-",""),"(",""),")",""),"+","")),"x"))),"","Телефон: неверный формат")) | Q70: =TRIM(IF(TRIM(B70)="","Нет наименования. ","")&IF(TRIM(F70)="","Нет адреса. ","")&IF(TRIM(G70)="","Нет контактного лица.","")) -> Нет контактного лица. | R70: =SUMPRODUCT(--(LEN(K70:Q70)>0)) -> 1 | S70: =IF(R70=0,"Готово к передаче","Требует исправления") -> Требует исправления | T70: =IF(R70=0,"",_xlfn.TEXTJOIN("; ",TRUE(),K70:Q70)) -> Нет контактного лица. | U70: =IF(R70=0,"","Здравствуйте! В данных организации «"&B70&"» обнаружены ошибки: "&T70&". Просим проверить и прислать исправленную информацию.") -> Здравствуйте! В данных организации «ООО «Орбита Агро»» обнаружены ошибки: Нет контактного лица.. Просим проверить и прислать исправленную информацию. | V70: =IF(R70>0,COUNTIF($R$2:R70,">0"),"") -> 28 | W70: =IF(R70=0,COUNTIF($R$2:R70,0),"")
A71: 70 | B71: ООО «Эталон Сервис» | C71: 5227444031 | D71: 5035239728992 | E71: 522743009 | F71: г. Нижний Новгород, ул. Ленина, д. 99, оф. 54 | G71: Михайлова С. Д. | H71: mail@etalon-servis.example | I71: +7 (831) 532-37-23 | J71: =IFERROR(VLOOKUP(VALUE(LEFT(C71,2)),Справочники!$A$2:$B$16,2,FALSE()),"не определён") -> Нижегородская область | K71: =IF(TRIM(C71)="","ИНН не указан",IF(LEN(C71)<>10,"ИНН: должно быть 10 цифр",IF(NOT(ISNUMBER(IFERROR(VALUE(C71),"x"))),"ИНН: есть нецифровые символы",IF(MOD(MOD(SUMPRODUCT(--MID(C71,{1,2,3,4,5,6,7,8,9},1),{2,4,10,3,5,9,4,6,8}),11),10)=VALUE(RIGHT(C71,1)),"","ИНН: неверная контрольная цифра")))) | L71: =IF(TRIM(D71)="","ОГРН не указан",IF(LEN(D71)<>13,"ОГРН: должно быть 13 цифр",IF(NOT(ISNUMBER(IFERROR(VALUE(D71),"x"))),"ОГРН: есть нецифровые символы",IF(MOD(VALUE(LEFT(D71,12))-11*INT(VALUE(LEFT(D71,12))/11),10)=VALUE(RIGHT(D71,1)),"","ОГРН: неверная контрольная цифра")))) | M71: =IF(TRIM(E71)="","КПП не указан",IF(LEN(E71)<>9,"КПП: должно быть 9 знаков",IF(NOT(AND(ISNUMBER(IFERROR(VALUE(LEFT(E71,4)),"x")),ISNUMBER(IFERROR(VALUE(RIGHT(E71,3)),"x")))),"КПП: неверный формат",IF(LEFT(E71,2)<>LEFT(C71,2),"КПП: код региона не совпадает с ИНН","")))) | N71: =IF(TRIM(C71)="","",IF(COUNTIF($C$2:$C$401,C71)>1,"Дубликат ИНН в реестре","")) | O71: =IF(TRIM(H71)="","Email не указан",IF(AND(ISNUMBER(FIND("@",H71)),ISNUMBER(FIND(".",H71,IFERROR(FIND("@",H71),1))),ISERROR(FIND(" ",H71)),LEFT(H71,1)<>"@",RIGHT(H71,1)<>".",LEN(H71)-LEN(SUBSTITUTE(H71,"@",""))=1),"","Email: неверный формат")) | P71: =IF(TRIM(I71)="","Телефон не указан",IF(AND(LEN(SUBSTITUTE(SUBSTITUTE(SUBSTITUTE(SUBSTITUTE(SUBSTITUTE(I71," ",""),"-",""),"(",""),")",""),"+",""))=11,OR(LEFT(SUBSTITUTE(SUBSTITUTE(SUBSTITUTE(SUBSTITUTE(SUBSTITUTE(I71," ",""),"-",""),"(",""),")",""),"+",""),1)="7",LEFT(SUBSTITUTE(SUBSTITUTE(SUBSTITUTE(SUBSTITUTE(SUBSTITUTE(I71," ",""),"-",""),"(",""),")",""),"+",""),1)="8"),ISNUMBER(IFERROR(VALUE(SUBSTITUTE(SUBSTITUTE(SUBSTITUTE(SUBSTITUTE(SUBSTITUTE(I71," ",""),"-",""),"(",""),")",""),"+","")),"x"))),"","Телефон: неверный формат")) | Q71: =TRIM(IF(TRIM(B71)="","Нет наименования. ","")&IF(TRIM(F71)="","Нет адреса. ","")&IF(TRIM(G71)="","Нет контактного лица.","")) | R71: =SUMPRODUCT(--(LEN(K71:Q71)>0)) -> 0 | S71: =IF(R71=0,"Готово к передаче","Требует исправления") -> Готово к передаче | T71: =IF(R71=0,"",_xlfn.TEXTJOIN("; ",TRUE(),K71:Q71)) | U71: =IF(R71=0,"","Здравствуйте! В данных организации «"&B71&"» обнаружены ошибки: "&T71&". Просим проверить и прислать исправленную информацию.") | V71: =IF(R71>0,COUNTIF($R$2:R71,">0"),"") | W71: =IF(R71=0,COUNTIF($R$2:R71,0),"") -> 42
A72: 71 | B72: ООО «Прогресс Принт» | C72: 7807464638 | D72: 1027824941044 | E72: 780701002 | F72: г. Санкт-Петербург, ул. Школьная, д. 69, оф. 71 | G72: Попова А. Е. | H72: sales@progress-print.example | I72: +7 (812) 583-4xx24 | J72: =IFERROR(VLOOKUP(VALUE(LEFT(C72,2)),Справочники!$A$2:$B$16,2,FALSE()),"не определён") -> г. Санкт-Петербург | K72: =IF(TRIM(C72)="","ИНН не указан",IF(LEN(C72)<>10,"ИНН: должно быть 10 цифр",IF(NOT(ISNUMBER(IFERROR(VALUE(C72),"x"))),"ИНН: есть нецифровые символы",IF(MOD(MOD(SUMPRODUCT(--MID(C72,{1,2,3,4,5,6,7,8,9},1),{2,4,10,3,5,9,4,6,8}),11),10)=VALUE(RIGHT(C72,1)),"","ИНН: неверная контрольная цифра")))) | L72: =IF(TRIM(D72)="","ОГРН не указан",IF(LEN(D72)<>13,"ОГРН: должно быть 13 цифр",IF(NOT(ISNUMBER(IFERROR(VALUE(D72),"x"))),"ОГРН: есть нецифровые символы",IF(MOD(VALUE(LEFT(D72,12))-11*INT(VALUE(LEFT(D72,12))/11),10)=VALUE(RIGHT(D72,1)),"","ОГРН: неверная контрольная цифра")))) | M72: =IF(TRIM(E72)="","КПП не указан",IF(LEN(E72)<>9,"КПП: должно быть 9 знаков",IF(NOT(AND(ISNUMBER(IFERROR(VALUE(LEFT(E72,4)),"x")),ISNUMBER(IFERROR(VALUE(RIGHT(E72,3)),"x")))),"КПП: неверный формат",IF(LEFT(E72,2)<>LEFT(C72,2),"КПП: код региона не совпадает с ИНН","")))) | N72: =IF(TRIM(C72)="","",IF(COUNTIF($C$2:$C$401,C72)>1,"Дубликат ИНН в реестре","")) | O72: =IF(TRIM(H72)="","Email не указан",IF(AND(ISNUMBER(FIND("@",H72)),ISNUMBER(FIND(".",H72,IFERROR(FIND("@",H72),1))),ISERROR(FIND(" ",H72)),LEFT(H72,1)<>"@",RIGHT(H72,1)<>".",LEN(H72)-LEN(SUBSTITUTE(H72,"@",""))=1),"","Email: неверный формат")) | P72: =IF(TRIM(I72)="","Телефон не указан",IF(AND(LEN(SUBSTITUTE(SUBSTITUTE(SUBSTITUTE(SUBSTITUTE(SUBSTITUTE(I72," ",""),"-",""),"(",""),")",""),"+",""))=11,OR(LEFT(SUBSTITUTE(SUBSTITUTE(SUBSTITUTE(SUBSTITUTE(SUBSTITUTE(I72," ",""),"-",""),"(",""),")",""),"+",""),1)="7",LEFT(SUBSTITUTE(SUBSTITUTE(SUBSTITUTE(SUBSTITUTE(SUBSTITUTE(I72," ",""),"-",""),"(",""),")",""),"+",""),1)="8"),ISNUMBER(IFERROR(VALUE(SUBSTITUTE(SUBSTITUTE(SUBSTITUTE(SUBSTITUTE(SUBSTITUTE(I72," ",""),"-",""),"(",""),")",""),"+","")),"x"))),"","Телефон: неверный формат")) -> Телефон: неверный формат | Q72: =TRIM(IF(TRIM(B72)="","Нет наименования. ","")&IF(TRIM(F72)="","Нет адреса. ","")&IF(TRIM(G72)="","Нет контактного лица.","")) | R72: =SUMPRODUCT(--(LEN(K72:Q72)>0)) -> 1 | S72: =IF(R72=0,"Готово к передаче","Требует исправления") -> Требует исправления | T72: =IF(R72=0,"",_xlfn.TEXTJOIN("; ",TRUE(),K72:Q72)) -> Телефон: неверный формат | U72: =IF(R72=0,"","Здравствуйте! В данных организации «"&B72&"» обнаружены ошибки: "&T72&". Просим проверить и прислать исправленную информацию.") -> Здравствуйте! В данных организации «ООО «Прогресс Принт»» обнаружены ошибки: Телефон: неверный формат. Просим проверить и прислать исправленную информацию. | V72: =IF(R72>0,COUNTIF($R$2:R72,">0"),"") -> 29 | W72: =IF(R72=0,COUNTIF($R$2:R72,0),"")
A73: 72 | B73: ООО «Меридиан Транс» | C73: 9226966508 | D73: 1099224173113 | E73: 922601003 | F73: г. Севастополь, ул. Советская, д. 23, оф. 111 | G73: Павлова И. В. | H73: sales@meridian-trans.example | I73: +78695512669 | J73: =IFERROR(VLOOKUP(VALUE(LEFT(C73,2)),Справочники!$A$2:$B$16,2,FALSE()),"не определён") -> г. Севастополь | K73: =IF(TRIM(C73)="","ИНН не указан",IF(LEN(C73)<>10,"ИНН: должно быть 10 цифр",IF(NOT(ISNUMBER(IFERROR(VALUE(C73),"x"))),"ИНН: есть нецифровые символы",IF(MOD(MOD(SUMPRODUCT(--MID(C73,{1,2,3,4,5,6,7,8,9},1),{2,4,10,3,5,9,4,6,8}),11),10)=VALUE(RIGHT(C73,1)),"","ИНН: неверная контрольная цифра")))) | L73: =IF(TRIM(D73)="","ОГРН не указан",IF(LEN(D73)<>13,"ОГРН: должно быть 13 цифр",IF(NOT(ISNUMBER(IFERROR(VALUE(D73),"x"))),"ОГРН: есть нецифровые символы",IF(MOD(VALUE(LEFT(D73,12))-11*INT(VALUE(LEFT(D73,12))/11),10)=VALUE(RIGHT(D73,1)),"","ОГРН: неверная контрольная цифра")))) | M73: =IF(TRIM(E73)="","КПП не указан",IF(LEN(E73)<>9,"КПП: должно быть 9 знаков",IF(NOT(AND(ISNUMBER(IFERROR(VALUE(LEFT(E73,4)),"x")),ISNUMBER(IFERROR(VALUE(RIGHT(E73,3)),"x")))),"КПП: неверный формат",IF(LEFT(E73,2)<>LEFT(C73,2),"КПП: код региона не совпадает с ИНН","")))) | N73: =IF(TRIM(C73)="","",IF(COUNTIF($C$2:$C$401,C73)>1,"Дубликат ИНН в реестре","")) | O73: =IF(TRIM(H73)="","Email не указан",IF(AND(ISNUMBER(FIND("@",H73)),ISNUMBER(FIND(".",H73,IFERROR(FIND("@",H73),1))),ISERROR(FIND(" ",H73)),LEFT(H73,1)<>"@",RIGHT(H73,1)<>".",LEN(H73)-LEN(SUBSTITUTE(H73,"@",""))=1),"","Email: неверный формат")) | P73: =IF(TRIM(I73)="","Телефон не указан",IF(AND(LEN(SUBSTITUTE(SUBSTITUTE(SUBSTITUTE(SUBSTITUTE(SUBSTITUTE(I73," ",""),"-",""),"(",""),")",""),"+",""))=11,OR(LEFT(SUBSTITUTE(SUBSTITUTE(SUBSTITUTE(SUBSTITUTE(SUBSTITUTE(I73," ",""),"-",""),"(",""),")",""),"+",""),1)="7",LEFT(SUBSTITUTE(SUBSTITUTE(SUBSTITUTE(SUBSTITUTE(SUBSTITUTE(I73," ",""),"-",""),"(",""),")",""),"+",""),1)="8"),ISNUMBER(IFERROR(VALUE(SUBSTITUTE(SUBSTITUTE(SUBSTITUTE(SUBSTITUTE(SUBSTITUTE(I73," ",""),"-",""),"(",""),")",""),"+","")),"x"))),"","Телефон: неверный формат")) | Q73: =TRIM(IF(TRIM(B73)="","Нет наименования. ","")&IF(TRIM(F73)="","Нет адреса. ","")&IF(TRIM(G73)="","Нет контактного лица.","")) | R73: =SUMPRODUCT(--(LEN(K73:Q73)>0)) -> 0 | S73: =IF(R73=0,"Готово к передаче","Требует исправления") -> Готово к передаче | T73: =IF(R73=0,"",_xlfn.TEXTJOIN("; ",TRUE(),K73:Q73)) | U73: =IF(R73=0,"","Здравствуйте! В данных организации «"&B73&"» обнаружены ошибки: "&T73&". Просим проверить и прислать исправленную информацию.") | V73: =IF(R73>0,COUNTIF($R$2:R73,">0"),"") | W73: =IF(R73=0,COUNTIF($R$2:R73,0),"") -> 43
A74: 73 | B74: АО «Заря Мед» | C74: 5020224632 | D74: 5145034901666 | E74: 502001005 | F74: г. Красногорск, ул. Кирова, д. 20, оф. 132 | G74: Петрова А. С. | H74: office@zarya-med.example | I74: +7 (498) 596-67-65 | J74: =IFERROR(VLOOKUP(VALUE(LEFT(C74,2)),Справочники!$A$2:$B$16,2,FALSE()),"не определён") -> Московская область | K74: =IF(TRIM(C74)="","ИНН не указан",IF(LEN(C74)<>10,"ИНН: должно быть 10 цифр",IF(NOT(ISNUMBER(IFERROR(VALUE(C74),"x"))),"ИНН: есть нецифровые символы",IF(MOD(MOD(SUMPRODUCT(--MID(C74,{1,2,3,4,5,6,7,8,9},1),{2,4,10,3,5,9,4,6,8}),11),10)=VALUE(RIGHT(C74,1)),"","ИНН: неверная контрольная цифра")))) | L74: =IF(TRIM(D74)="","ОГРН не указан",IF(LEN(D74)<>13,"ОГРН: должно быть 13 цифр",IF(NOT(ISNUMBER(IFERROR(VALUE(D74),"x"))),"ОГРН: есть нецифровые символы",IF(MOD(VALUE(LEFT(D74,12))-11*INT(VALUE(LEFT(D74,12))/11),10)=VALUE(RIGHT(D74,1)),"","ОГРН: неверная контрольная цифра")))) | M74: =IF(TRIM(E74)="","КПП не указан",IF(LEN(E74)<>9,"КПП: должно быть 9 знаков",IF(NOT(AND(ISNUMBER(IFERROR(VALUE(LEFT(E74,4)),"x")),ISNUMBER(IFERROR(VALUE(RIGHT(E74,3)),"x")))),"КПП: неверный формат",IF(LEFT(E74,2)<>LEFT(C74,2),"КПП: код региона не совпадает с ИНН","")))) | N74: =IF(TRIM(C74)="","",IF(COUNTIF($C$2:$C$401,C74)>1,"Дубликат ИНН в реестре","")) | O74: =IF(TRIM(H74)="","Email не указан",IF(AND(ISNUMBER(FIND("@",H74)),ISNUMBER(FIND(".",H74,IFERROR(FIND("@",H74),1))),ISERROR(FIND(" ",H74)),LEFT(H74,1)<>"@",RIGHT(H74,1)<>".",LEN(H74)-LEN(SUBSTITUTE(H74,"@",""))=1),"","Email: неверный формат")) | P74: =IF(TRIM(I74)="","Телефон не указан",IF(AND(LEN(SUBSTITUTE(SUBSTITUTE(SUBSTITUTE(SUBSTITUTE(SUBSTITUTE(I74," ",""),"-",""),"(",""),")",""),"+",""))=11,OR(LEFT(SUBSTITUTE(SUBSTITUTE(SUBSTITUTE(SUBSTITUTE(SUBSTITUTE(I74," ",""),"-",""),"(",""),")",""),"+",""),1)="7",LEFT(SUBSTITUTE(SUBSTITUTE(SUBSTITUTE(SUBSTITUTE(SUBSTITUTE(I74," ",""),"-",""),"(",""),")",""),"+",""),1)="8"),ISNUMBER(IFERROR(VALUE(SUBSTITUTE(SUBSTITUTE(SUBSTITUTE(SUBSTITUTE(SUBSTITUTE(I74," ",""),"-",""),"(",""),")",""),"+","")),"x"))),"","Телефон: неверный формат")) | Q74: =TRIM(IF(TRIM(B74)="","Нет наименования. ","")&IF(TRIM(F74)="","Нет адреса. ","")&IF(TRIM(G74)="","Нет контактного лица.","")) | R74: =SUMPRODUCT(--(LEN(K74:Q74)>0)) -> 0 | S74: =IF(R74=0,"Готово к передаче","Требует исправления") -> Готово к передаче | T74: =IF(R74=0,"",_xlfn.TEXTJOIN("; ",TRUE(),K74:Q74)) | U74: =IF(R74=0,"","Здравствуйте! В данных организации «"&B74&"» обнаружены ошибки: "&T74&". Просим проверить и прислать исправленную информацию.") | V74: =IF(R74>0,COUNTIF($R$2:R74,">0"),"") | W74: =IF(R74=0,COUNTIF($R$2:R74,0),"") -> 44
A75: 74 | B75: ООО «Орбита Пласт» | C75: 1617959381 | D75: 5141626051771 | E75: 161701008 | F75: г. Казань, ул. Мира, д. 29, оф. 117 | G75: Николаев Н. М. | H75: zakaz@orbita-plast.example | I75: +7 (843) 592-16-94 | J75: =IFERROR(VLOOKUP(VALUE(LEFT(C75,2)),Справочники!$A$2:$B$16,2,FALSE()),"не определён") -> Республика Татарстан | K75: =IF(TRIM(C75)="","ИНН не указан",IF(LEN(C75)<>10,"ИНН: должно быть 10 цифр",IF(NOT(ISNUMBER(IFERROR(VALUE(C75),"x"))),"ИНН: есть нецифровые символы",IF(MOD(MOD(SUMPRODUCT(--MID(C75,{1,2,3,4,5,6,7,8,9},1),{2,4,10,3,5,9,4,6,8}),11),10)=VALUE(RIGHT(C75,1)),"","ИНН: неверная контрольная цифра")))) | L75: =IF(TRIM(D75)="","ОГРН не указан",IF(LEN(D75)<>13,"ОГРН: должно быть 13 цифр",IF(NOT(ISNUMBER(IFERROR(VALUE(D75),"x"))),"ОГРН: есть нецифровые символы",IF(MOD(VALUE(LEFT(D75,12))-11*INT(VALUE(LEFT(D75,12))/11),10)=VALUE(RIGHT(D75,1)),"","ОГРН: неверная контрольная цифра")))) | M75: =IF(TRIM(E75)="","КПП не указан",IF(LEN(E75)<>9,"КПП: должно быть 9 знаков",IF(NOT(AND(ISNUMBER(IFERROR(VALUE(LEFT(E75,4)),"x")),ISNUMBER(IFERROR(VALUE(RIGHT(E75,3)),"x")))),"КПП: неверный формат",IF(LEFT(E75,2)<>LEFT(C75,2),"КПП: код региона не совпадает с ИНН","")))) | N75: =IF(TRIM(C75)="","",IF(COUNTIF($C$2:$C$401,C75)>1,"Дубликат ИНН в реестре","")) | O75: =IF(TRIM(H75)="","Email не указан",IF(AND(ISNUMBER(FIND("@",H75)),ISNUMBER(FIND(".",H75,IFERROR(FIND("@",H75),1))),ISERROR(FIND(" ",H75)),LEFT(H75,1)<>"@",RIGHT(H75,1)<>".",LEN(H75)-LEN(SUBSTITUTE(H75,"@",""))=1),"","Email: неверный формат")) | P75: =IF(TRIM(I75)="","Телефон не указан",IF(AND(LEN(SUBSTITUTE(SUBSTITUTE(SUBSTITUTE(SUBSTITUTE(SUBSTITUTE(I75," ",""),"-",""),"(",""),")",""),"+",""))=11,OR(LEFT(SUBSTITUTE(SUBSTITUTE(SUBSTITUTE(SUBSTITUTE(SUBSTITUTE(I75," ",""),"-",""),"(",""),")",""),"+",""),1)="7",LEFT(SUBSTITUTE(SUBSTITUTE(SUBSTITUTE(SUBSTITUTE(SUBSTITUTE(I75," ",""),"-",""),"(",""),")",""),"+",""),1)="8"),ISNUMBER(IFERROR(VALUE(SUBSTITUTE(SUBSTITUTE(SUBSTITUTE(SUBSTITUTE(SUBSTITUTE(I75," ",""),"-",""),"(",""),")",""),"+","")),"x"))),"","Телефон: неверный формат")) | Q75: =TRIM(IF(TRIM(B75)="","Нет наименования. ","")&IF(TRIM(F75)="","Нет адреса. ","")&IF(TRIM(G75)="","Нет контактного лица.","")) | R75: =SUMPRODUCT(--(LEN(K75:Q75)>0)) -> 0 | S75: =IF(R75=0,"Готово к передаче","Требует исправления") -> Готово к передаче | T75: =IF(R75=0,"",_xlfn.TEXTJOIN("; ",TRUE(),K75:Q75)) | U75: =IF(R75=0,"","Здравствуйте! В данных организации «"&B75&"» обнаружены ошибки: "&T75&". Просим проверить и прислать исправленную информацию.") | V75: =IF(R75>0,COUNTIF($R$2:R75,">0"),"") | W75: =IF(R75=0,COUNTIF($R$2:R75,0),"") -> 45
A76: 75 | B76: АО «Дельта Групп» | C76: 9244463962 | D76: 5159217912189 | E76: 922701004 | G76: Волков А. Т. | H76: sales@delta-grupp.example | I76: 8 869 5885211 | J76: =IFERROR(VLOOKUP(VALUE(LEFT(C76,2)),Справочники!$A$2:$B$16,2,FALSE()),"не определён") -> г. Севастополь | K76: =IF(TRIM(C76)="","ИНН не указан",IF(LEN(C76)<>10,"ИНН: должно быть 10 цифр",IF(NOT(ISNUMBER(IFERROR(VALUE(C76),"x"))),"ИНН: есть нецифровые символы",IF(MOD(MOD(SUMPRODUCT(--MID(C76,{1,2,3,4,5,6,7,8,9},1),{2,4,10,3,5,9,4,6,8}),11),10)=VALUE(RIGHT(C76,1)),"","ИНН: неверная контрольная цифра")))) | L76: =IF(TRIM(D76)="","ОГРН не указан",IF(LEN(D76)<>13,"ОГРН: должно быть 13 цифр",IF(NOT(ISNUMBER(IFERROR(VALUE(D76),"x"))),"ОГРН: есть нецифровые символы",IF(MOD(VALUE(LEFT(D76,12))-11*INT(VALUE(LEFT(D76,12))/11),10)=VALUE(RIGHT(D76,1)),"","ОГРН: неверная контрольная цифра")))) | M76: =IF(TRIM(E76)="","КПП не указан",IF(LEN(E76)<>9,"КПП: должно быть 9 знаков",IF(NOT(AND(ISNUMBER(IFERROR(VALUE(LEFT(E76,4)),"x")),ISNUMBER(IFERROR(VALUE(RIGHT(E76,3)),"x")))),"КПП: неверный формат",IF(LEFT(E76,2)<>LEFT(C76,2),"КПП: код региона не совпадает с ИНН","")))) | N76: =IF(TRIM(C76)="","",IF(COUNTIF($C$2:$C$401,C76)>1,"Дубликат ИНН в реестре","")) -> Дубликат ИНН в реестре | O76: =IF(TRIM(H76)="","Email не указан",IF(AND(ISNUMBER(FIND("@",H76)),ISNUMBER(FIND(".",H76,IFERROR(FIND("@",H76),1))),ISERROR(FIND(" ",H76)),LEFT(H76,1)<>"@",RIGHT(H76,1)<>".",LEN(H76)-LEN(SUBSTITUTE(H76,"@",""))=1),"","Email: неверный формат")) | P76: =IF(TRIM(I76)="","Телефон не указан",IF(AND(LEN(SUBSTITUTE(SUBSTITUTE(SUBSTITUTE(SUBSTITUTE(SUBSTITUTE(I76," ",""),"-",""),"(",""),")",""),"+",""))=11,OR(LEFT(SUBSTITUTE(SUBSTITUTE(SUBSTITUTE(SUBSTITUTE(SUBSTITUTE(I76," ",""),"-",""),"(",""),")",""),"+",""),1)="7",LEFT(SUBSTITUTE(SUBSTITUTE(SUBSTITUTE(SUBSTITUTE(SUBSTITUTE(I76," ",""),"-",""),"(",""),")",""),"+",""),1)="8"),ISNUMBER(IFERROR(VALUE(SUBSTITUTE(SUBSTITUTE(SUBSTITUTE(SUBSTITUTE(SUBSTITUTE(I76," ",""),"-",""),"(",""),")",""),"+","")),"x"))),"","Телефон: неверный формат")) | Q76: =TRIM(IF(TRIM(B76)="","Нет наименования. ","")&IF(TRIM(F76)="","Нет адреса. ","")&IF(TRIM(G76)="","Нет контактного лица.","")) -> Нет адреса. | R76: =SUMPRODUCT(--(LEN(K76:Q76)>0)) -> 2 | S76: =IF(R76=0,"Готово к передаче","Требует исправления") -> Требует исправления | T76: =IF(R76=0,"",_xlfn.TEXTJOIN("; ",TRUE(),K76:Q76)) -> Дубликат ИНН в реестре; Нет адреса. | U76: =IF(R76=0,"","Здравствуйте! В данных организации «"&B76&"» обнаружены ошибки: "&T76&". Просим проверить и прислать исправленную информацию.") -> Здравствуйте! В данных организации «АО «Дельта Групп»» обнаружены ошибки: Дубликат ИНН в реестре; Нет адреса.. Просим проверить и прислать исправленную информацию. | V76: =IF(R76>0,COUNTIF($R$2:R76,">0"),"") -> 30 | W76: =IF(R76=0,COUNTIF($R$2:R76,0),"")
A77: 76 | B77: АО «Заря Принт» | C77: 7720058751 | D77: 1167712034885 | E77: 772001007 | F77: г. Москва, ул. Набережная, д. 32, оф. 66 | G77: Фёдорова О. Т. | H77: zakaz@zarya-print.example | I77: 8 495 5500600 | J77: =IFERROR(VLOOKUP(VALUE(LEFT(C77,2)),Справочники!$A$2:$B$16,2,FALSE()),"не определён") -> г. Москва | K77: =IF(TRIM(C77)="","ИНН не указан",IF(LEN(C77)<>10,"ИНН: должно быть 10 цифр",IF(NOT(ISNUMBER(IFERROR(VALUE(C77),"x"))),"ИНН: есть нецифровые символы",IF(MOD(MOD(SUMPRODUCT(--MID(C77,{1,2,3,4,5,6,7,8,9},1),{2,4,10,3,5,9,4,6,8}),11),10)=VALUE(RIGHT(C77,1)),"","ИНН: неверная контрольная цифра")))) | L77: =IF(TRIM(D77)="","ОГРН не указан",IF(LEN(D77)<>13,"ОГРН: должно быть 13 цифр",IF(NOT(ISNUMBER(IFERROR(VALUE(D77),"x"))),"ОГРН: есть нецифровые символы",IF(MOD(VALUE(LEFT(D77,12))-11*INT(VALUE(LEFT(D77,12))/11),10)=VALUE(RIGHT(D77,1)),"","ОГРН: неверная контрольная цифра")))) | M77: =IF(TRIM(E77)="","КПП не указан",IF(LEN(E77)<>9,"КПП: должно быть 9 знаков",IF(NOT(AND(ISNUMBER(IFERROR(VALUE(LEFT(E77,4)),"x")),ISNUMBER(IFERROR(VALUE(RIGHT(E77,3)),"x")))),"КПП: неверный формат",IF(LEFT(E77,2)<>LEFT(C77,2),"КПП: код региона не совпадает с ИНН","")))) | N77: =IF(TRIM(C77)="","",IF(COUNTIF($C$2:$C$401,C77)>1,"Дубликат ИНН в реестре","")) | O77: =IF(TRIM(H77)="","Email не указан",IF(AND(ISNUMBER(FIND("@",H77)),ISNUMBER(FIND(".",H77,IFERROR(FIND("@",H77),1))),ISERROR(FIND(" ",H77)),LEFT(H77,1)<>"@",RIGHT(H77,1)<>".",LEN(H77)-LEN(SUBSTITUTE(H77,"@",""))=1),"","Email: неверный формат")) | P77: =IF(TRIM(I77)="","Телефон не указан",IF(AND(LEN(SUBSTITUTE(SUBSTITUTE(SUBSTITUTE(SUBSTITUTE(SUBSTITUTE(I77," ",""),"-",""),"(",""),")",""),"+",""))=11,OR(LEFT(SUBSTITUTE(SUBSTITUTE(SUBSTITUTE(SUBSTITUTE(SUBSTITUTE(I77," ",""),"-",""),"(",""),")",""),"+",""),1)="7",LEFT(SUBSTITUTE(SUBSTITUTE(SUBSTITUTE(SUBSTITUTE(SUBSTITUTE(I77," ",""),"-",""),"(",""),")",""),"+",""),1)="8"),ISNUMBER(IFERROR(VALUE(SUBSTITUTE(SUBSTITUTE(SUBSTITUTE(SUBSTITUTE(SUBSTITUTE(I77," ",""),"-",""),"(",""),")",""),"+","")),"x"))),"","Телефон: неверный формат")) | Q77: =TRIM(IF(TRIM(B77)="","Нет наименования. ","")&IF(TRIM(F77)="","Нет адреса. ","")&IF(TRIM(G77)="","Нет контактного лица.","")) | R77: =SUMPRODUCT(--(LEN(K77:Q77)>0)) -> 0 | S77: =IF(R77=0,"Готово к передаче","Требует исправления") -> Готово к передаче | T77: =IF(R77=0,"",_xlfn.TEXTJOIN("; ",TRUE(),K77:Q77)) | U77: =IF(R77=0,"","Здравствуйте! В данных организации «"&B77&"» обнаружены ошибки: "&T77&". Просим проверить и прислать исправленную информацию.") | V77: =IF(R77>0,COUNTIF($R$2:R77,">0"),"") | W77: =IF(R77=0,COUNTIF($R$2:R77,0),"") -> 46
A78: 77 | B78: АО «Импульс Энерго» | C78: 5017895380 | D78: 1035043326230 | E78: 500445007 | F78: г. Красногорск, ул. Советская, д. 104, оф. 93 | G78: Волкова М. В. | H78: info@impuls-energo.example | I78: 8 498 5928787 | J78: =IFERROR(VLOOKUP(VALUE(LEFT(C78,2)),Справочники!$A$2:$B$16,2,FALSE()),"не определён") -> Московская область | K78: =IF(TRIM(C78)="","ИНН не указан",IF(LEN(C78)<>10,"ИНН: должно быть 10 цифр",IF(NOT(ISNUMBER(IFERROR(VALUE(C78),"x"))),"ИНН: есть нецифровые символы",IF(MOD(MOD(SUMPRODUCT(--MID(C78,{1,2,3,4,5,6,7,8,9},1),{2,4,10,3,5,9,4,6,8}),11),10)=VALUE(RIGHT(C78,1)),"","ИНН: неверная контрольная цифра")))) | L78: =IF(TRIM(D78)="","ОГРН не указан",IF(LEN(D78)<>13,"ОГРН: должно быть 13 цифр",IF(NOT(ISNUMBER(IFERROR(VALUE(D78),"x"))),"ОГРН: есть нецифровые символы",IF(MOD(VALUE(LEFT(D78,12))-11*INT(VALUE(LEFT(D78,12))/11),10)=VALUE(RIGHT(D78,1)),"","ОГРН: неверная контрольная цифра")))) | M78: =IF(TRIM(E78)="","КПП не указан",IF(LEN(E78)<>9,"КПП: должно быть 9 знаков",IF(NOT(AND(ISNUMBER(IFERROR(VALUE(LEFT(E78,4)),"x")),ISNUMBER(IFERROR(VALUE(RIGHT(E78,3)),"x")))),"КПП: неверный формат",IF(LEFT(E78,2)<>LEFT(C78,2),"КПП: код региона не совпадает с ИНН","")))) | N78: =IF(TRIM(C78)="","",IF(COUNTIF($C$2:$C$401,C78)>1,"Дубликат ИНН в реестре","")) -> Дубликат ИНН в реестре | O78: =IF(TRIM(H78)="","Email не указан",IF(AND(ISNUMBER(FIND("@",H78)),ISNUMBER(FIND(".",H78,IFERROR(FIND("@",H78),1))),ISERROR(FIND(" ",H78)),LEFT(H78,1)<>"@",RIGHT(H78,1)<>".",LEN(H78)-LEN(SUBSTITUTE(H78,"@",""))=1),"","Email: неверный формат")) | P78: =IF(TRIM(I78)="","Телефон не указан",IF(AND(LEN(SUBSTITUTE(SUBSTITUTE(SUBSTITUTE(SUBSTITUTE(SUBSTITUTE(I78," ",""),"-",""),"(",""),")",""),"+",""))=11,OR(LEFT(SUBSTITUTE(SUBSTITUTE(SUBSTITUTE(SUBSTITUTE(SUBSTITUTE(I78," ",""),"-",""),"(",""),")",""),"+",""),1)="7",LEFT(SUBSTITUTE(SUBSTITUTE(SUBSTITUTE(SUBSTITUTE(SUBSTITUTE(I78," ",""),"-",""),"(",""),")",""),"+",""),1)="8"),ISNUMBER(IFERROR(VALUE(SUBSTITUTE(SUBSTITUTE(SUBSTITUTE(SUBSTITUTE(SUBSTITUTE(I78," ",""),"-",""),"(",""),")",""),"+","")),"x"))),"","Телефон: неверный формат")) | Q78: =TRIM(IF(TRIM(B78)="","Нет наименования. ","")&IF(TRIM(F78)="","Нет адреса. ","")&IF(TRIM(G78)="","Нет контактного лица.","")) | R78: =SUMPRODUCT(--(LEN(K78:Q78)>0)) -> 1 | S78: =IF(R78=0,"Готово к передаче","Требует исправления") -> Требует исправления | T78: =IF(R78=0,"",_xlfn.TEXTJOIN("; ",TRUE(),K78:Q78)) -> Дубликат ИНН в реестре | U78: =IF(R78=0,"","Здравствуйте! В данных организации «"&B78&"» обнаружены ошибки: "&T78&". Просим проверить и прислать исправленную информацию.") -> Здравствуйте! В данных организации «АО «Импульс Энерго»» обнаружены ошибки: Дубликат ИНН в реестре. Просим проверить и прислать исправленную информацию. | V78: =IF(R78>0,COUNTIF($R$2:R78,">0"),"") -> 31 | W78: =IF(R78=0,COUNTIF($R$2:R78,0),"")
A79: 78 | B79: ООО «Юпитер Торг» | C79: 2302745444 | D79: 5152343029350 | E79: 230201003 | F79: г. Краснодар, ул. Набережная, д. 104, оф. 66 | G79: Николаева Д. А. | H79: office@yupiter-torg.example | I79: +78615091727 | J79: =IFERROR(VLOOKUP(VALUE(LEFT(C79,2)),Справочники!$A$2:$B$16,2,FALSE()),"не определён") -> Краснодарский край | K79: =IF(TRIM(C79)="","ИНН не указан",IF(LEN(C79)<>10,"ИНН: должно быть 10 цифр",IF(NOT(ISNUMBER(IFERROR(VALUE(C79),"x"))),"ИНН: есть нецифровые символы",IF(MOD(MOD(SUMPRODUCT(--MID(C79,{1,2,3,4,5,6,7,8,9},1),{2,4,10,3,5,9,4,6,8}),11),10)=VALUE(RIGHT(C79,1)),"","ИНН: неверная контрольная цифра")))) | L79: =IF(TRIM(D79)="","ОГРН не указан",IF(LEN(D79)<>13,"ОГРН: должно быть 13 цифр",IF(NOT(ISNUMBER(IFERROR(VALUE(D79),"x"))),"ОГРН: есть нецифровые символы",IF(MOD(VALUE(LEFT(D79,12))-11*INT(VALUE(LEFT(D79,12))/11),10)=VALUE(RIGHT(D79,1)),"","ОГРН: неверная контрольная цифра")))) | M79: =IF(TRIM(E79)="","КПП не указан",IF(LEN(E79)<>9,"КПП: должно быть 9 знаков",IF(NOT(AND(ISNUMBER(IFERROR(VALUE(LEFT(E79,4)),"x")),ISNUMBER(IFERROR(VALUE(RIGHT(E79,3)),"x")))),"КПП: неверный формат",IF(LEFT(E79,2)<>LEFT(C79,2),"КПП: код региона не совпадает с ИНН","")))) | N79: =IF(TRIM(C79)="","",IF(COUNTIF($C$2:$C$401,C79)>1,"Дубликат ИНН в реестре","")) | O79: =IF(TRIM(H79)="","Email не указан",IF(AND(ISNUMBER(FIND("@",H79)),ISNUMBER(FIND(".",H79,IFERROR(FIND("@",H79),1))),ISERROR(FIND(" ",H79)),LEFT(H79,1)<>"@",RIGHT(H79,1)<>".",LEN(H79)-LEN(SUBSTITUTE(H79,"@",""))=1),"","Email: неверный формат")) | P79: =IF(TRIM(I79)="","Телефон не указан",IF(AND(LEN(SUBSTITUTE(SUBSTITUTE(SUBSTITUTE(SUBSTITUTE(SUBSTITUTE(I79," ",""),"-",""),"(",""),")",""),"+",""))=11,OR(LEFT(SUBSTITUTE(SUBSTITUTE(SUBSTITUTE(SUBSTITUTE(SUBSTITUTE(I79," ",""),"-",""),"(",""),")",""),"+",""),1)="7",LEFT(SUBSTITUTE(SUBSTITUTE(SUBSTITUTE(SUBSTITUTE(SUBSTITUTE(I79," ",""),"-",""),"(",""),")",""),"+",""),1)="8"),ISNUMBER(IFERROR(VALUE(SUBSTITUTE(SUBSTITUTE(SUBSTITUTE(SUBSTITUTE(SUBSTITUTE(I79," ",""),"-",""),"(",""),")",""),"+","")),"x"))),"","Телефон: неверный формат")) | Q79: =TRIM(IF(TRIM(B79)="","Нет наименования. ","")&IF(TRIM(F79)="","Нет адреса. ","")&IF(TRIM(G79)="","Нет контактного лица.","")) | R79: =SUMPRODUCT(--(LEN(K79:Q79)>0)) -> 0 | S79: =IF(R79=0,"Готово к передаче","Требует исправления") -> Готово к передаче | T79: =IF(R79=0,"",_xlfn.TEXTJOIN("; ",TRUE(),K79:Q79)) | U79: =IF(R79=0,"","Здравствуйте! В данных организации «"&B79&"» обнаружены ошибки: "&T79&". Просим проверить и прислать исправленную информацию.") | V79: =IF(R79>0,COUNTIF($R$2:R79,">0"),"") | W79: =IF(R79=0,COUNTIF($R$2:R79,0),"") -> 47
A80: 79 | B80: АО «Гранит Принт» | C80: 6317409587 | D80: 1176334188007 | E80: 631701007 | F80: г. Самара, ул. Победы, д. 104, оф. 79 | G80: Николаева Т. В. | H80: mail@granit-print.example | I80: 8 846 5888763 | J80: =IFERROR(VLOOKUP(VALUE(LEFT(C80,2)),Справочники!$A$2:$B$16,2,FALSE()),"не определён") -> Самарская область | K80: =IF(TRIM(C80)="","ИНН не указан",IF(LEN(C80)<>10,"ИНН: должно быть 10 цифр",IF(NOT(ISNUMBER(IFERROR(VALUE(C80),"x"))),"ИНН: есть нецифровые символы",IF(MOD(MOD(SUMPRODUCT(--MID(C80,{1,2,3,4,5,6,7,8,9},1),{2,4,10,3,5,9,4,6,8}),11),10)=VALUE(RIGHT(C80,1)),"","ИНН: неверная контрольная цифра")))) | L80: =IF(TRIM(D80)="","ОГРН не указан",IF(LEN(D80)<>13,"ОГРН: должно быть 13 цифр",IF(NOT(ISNUMBER(IFERROR(VALUE(D80),"x"))),"ОГРН: есть нецифровые символы",IF(MOD(VALUE(LEFT(D80,12))-11*INT(VALUE(LEFT(D80,12))/11),10)=VALUE(RIGHT(D80,1)),"","ОГРН: неверная контрольная цифра")))) | M80: =IF(TRIM(E80)="","КПП не указан",IF(LEN(E80)<>9,"КПП: должно быть 9 знаков",IF(NOT(AND(ISNUMBER(IFERROR(VALUE(LEFT(E80,4)),"x")),ISNUMBER(IFERROR(VALUE(RIGHT(E80,3)),"x")))),"КПП: неверный формат",IF(LEFT(E80,2)<>LEFT(C80,2),"КПП: код региона не совпадает с ИНН","")))) | N80: =IF(TRIM(C80)="","",IF(COUNTIF($C$2:$C$401,C80)>1,"Дубликат ИНН в реестре","")) | O80: =IF(TRIM(H80)="","Email не указан",IF(AND(ISNUMBER(FIND("@",H80)),ISNUMBER(FIND(".",H80,IFERROR(FIND("@",H80),1))),ISERROR(FIND(" ",H80)),LEFT(H80,1)<>"@",RIGHT(H80,1)<>".",LEN(H80)-LEN(SUBSTITUTE(H80,"@",""))=1),"","Email: неверный формат")) | P80: =IF(TRIM(I80)="","Телефон не указан",IF(AND(LEN(SUBSTITUTE(SUBSTITUTE(SUBSTITUTE(SUBSTITUTE(SUBSTITUTE(I80," ",""),"-",""),"(",""),")",""),"+",""))=11,OR(LEFT(SUBSTITUTE(SUBSTITUTE(SUBSTITUTE(SUBSTITUTE(SUBSTITUTE(I80," ",""),"-",""),"(",""),")",""),"+",""),1)="7",LEFT(SUBSTITUTE(SUBSTITUTE(SUBSTITUTE(SUBSTITUTE(SUBSTITUTE(I80," ",""),"-",""),"(",""),")",""),"+",""),1)="8"),ISNUMBER(IFERROR(VALUE(SUBSTITUTE(SUBSTITUTE(SUBSTITUTE(SUBSTITUTE(SUBSTITUTE(I80," ",""),"-",""),"(",""),")",""),"+","")),"x"))),"","Телефон: неверный формат")) | Q80: =TRIM(IF(TRIM(B80)="","Нет наименования. ","")&IF(TRIM(F80)="","Нет адреса. ","")&IF(TRIM(G80)="","Нет контактного лица.","")) | R80: =SUMPRODUCT(--(LEN(K80:Q80)>0)) -> 0 | S80: =IF(R80=0,"Готово к передаче","Требует исправления") -> Готово к передаче | T80: =IF(R80=0,"",_xlfn.TEXTJOIN("; ",TRUE(),K80:Q80)) | U80: =IF(R80=0,"","Здравствуйте! В данных организации «"&B80&"» обнаружены ошибки: "&T80&". Просим проверить и прислать исправленную информацию.") | V80: =IF(R80>0,COUNTIF($R$2:R80,">0"),"") | W80: =IF(R80=0,COUNTIF($R$2:R80,0),"") -> 48
A81: 80 | B81: АО «Навигатор Стандарт» | C81: 7828916148 | D81: 5167829781401 | E81: 782801002 | F81: г. Санкт-Петербург, ул. Школьная, д. 12, оф. 191 | G81: Новикова И. Д. | H81: office@navigator-standart.example | I81: +78125673537 | J81: =IFERROR(VLOOKUP(VALUE(LEFT(C81,2)),Справочники!$A$2:$B$16,2,FALSE()),"не определён") -> г. Санкт-Петербург | K81: =IF(TRIM(C81)="","ИНН не указан",IF(LEN(C81)<>10,"ИНН: должно быть 10 цифр",IF(NOT(ISNUMBER(IFERROR(VALUE(C81),"x"))),"ИНН: есть нецифровые символы",IF(MOD(MOD(SUMPRODUCT(--MID(C81,{1,2,3,4,5,6,7,8,9},1),{2,4,10,3,5,9,4,6,8}),11),10)=VALUE(RIGHT(C81,1)),"","ИНН: неверная контрольная цифра")))) | L81: =IF(TRIM(D81)="","ОГРН не указан",IF(LEN(D81)<>13,"ОГРН: должно быть 13 цифр",IF(NOT(ISNUMBER(IFERROR(VALUE(D81),"x"))),"ОГРН: есть нецифровые символы",IF(MOD(VALUE(LEFT(D81,12))-11*INT(VALUE(LEFT(D81,12))/11),10)=VALUE(RIGHT(D81,1)),"","ОГРН: неверная контрольная цифра")))) -> ОГРН: неверная контрольная цифра | M81: =IF(TRIM(E81)="","КПП не указан",IF(LEN(E81)<>9,"КПП: должно быть 9 знаков",IF(NOT(AND(ISNUMBER(IFERROR(VALUE(LEFT(E81,4)),"x")),ISNUMBER(IFERROR(VALUE(RIGHT(E81,3)),"x")))),"КПП: неверный формат",IF(LEFT(E81,2)<>LEFT(C81,2),"КПП: код региона не совпадает с ИНН","")))) | N81: =IF(TRIM(C81)="","",IF(COUNTIF($C$2:$C$401,C81)>1,"Дубликат ИНН в реестре","")) | O81: =IF(TRIM(H81)="","Email не указан",IF(AND(ISNUMBER(FIND("@",H81)),ISNUMBER(FIND(".",H81,IFERROR(FIND("@",H81),1))),ISERROR(FIND(" ",H81)),LEFT(H81,1)<>"@",RIGHT(H81,1)<>".",LEN(H81)-LEN(SUBSTITUTE(H81,"@",""))=1),"","Email: неверный формат")) | P81: =IF(TRIM(I81)="","Телефон не указан",IF(AND(LEN(SUBSTITUTE(SUBSTITUTE(SUBSTITUTE(SUBSTITUTE(SUBSTITUTE(I81," ",""),"-",""),"(",""),")",""),"+",""))=11,OR(LEFT(SUBSTITUTE(SUBSTITUTE(SUBSTITUTE(SUBSTITUTE(SUBSTITUTE(I81," ",""),"-",""),"(",""),")",""),"+",""),1)="7",LEFT(SUBSTITUTE(SUBSTITUTE(SUBSTITUTE(SUBSTITUTE(SUBSTITUTE(I81," ",""),"-",""),"(",""),")",""),"+",""),1)="8"),ISNUMBER(IFERROR(VALUE(SUBSTITUTE(SUBSTITUTE(SUBSTITUTE(SUBSTITUTE(SUBSTITUTE(I81," ",""),"-",""),"(",""),")",""),"+","")),"x"))),"","Телефон: неверный формат")) | Q81: =TRIM(IF(TRIM(B81)="","Нет наименования. ","")&IF(TRIM(F81)="","Нет адреса. ","")&IF(TRIM(G81)="","Нет контактного лица.","")) | R81: =SUMPRODUCT(--(LEN(K81:Q81)>0)) -> 1 | S81: =IF(R81=0,"Готово к передаче","Требует исправления") -> Требует исправления | T81: =IF(R81=0,"",_xlfn.TEXTJOIN("; ",TRUE(),K81:Q81)) -> ОГРН: неверная контрольная цифра | U81: =IF(R81=0,"","Здравствуйте! В данных организации «"&B81&"» обнаружены ошибки: "&T81&". Просим проверить и прислать исправленную информацию.") -> Здравствуйте! В данных организации «АО «Навигатор Стандарт»» обнаружены ошибки: ОГРН: неверная контрольная цифра. Просим проверить и прислать исправленную информацию. | V81: =IF(R81>0,COUNTIF($R$2:R81,">0"),"") -> 32 | W81: =IF(R81=0,COUNTIF($R$2:R81,0),"")
A82: 81 | B82: АО «Атлант Сервис» | C82: 2405697016 | D82: 1082414220602 | E82: 240501003 | F82: г. Красноярск, ул. Победы, д. 56, оф. 203 | G82: Семёнова С. Е. | H82: sales@atlant-servis.example | I82: 8 391 5920714 | J82: =IFERROR(VLOOKUP(VALUE(LEFT(C82,2)),Справочники!$A$2:$B$16,2,FALSE()),"не определён") -> Красноярский край | K82: =IF(TRIM(C82)="","ИНН не указан",IF(LEN(C82)<>10,"ИНН: должно быть 10 цифр",IF(NOT(ISNUMBER(IFERROR(VALUE(C82),"x"))),"ИНН: есть нецифровые символы",IF(MOD(MOD(SUMPRODUCT(--MID(C82,{1,2,3,4,5,6,7,8,9},1),{2,4,10,3,5,9,4,6,8}),11),10)=VALUE(RIGHT(C82,1)),"","ИНН: неверная контрольная цифра")))) | L82: =IF(TRIM(D82)="","ОГРН не указан",IF(LEN(D82)<>13,"ОГРН: должно быть 13 цифр",IF(NOT(ISNUMBER(IFERROR(VALUE(D82),"x"))),"ОГРН: есть нецифровые символы",IF(MOD(VALUE(LEFT(D82,12))-11*INT(VALUE(LEFT(D82,12))/11),10)=VALUE(RIGHT(D82,1)),"","ОГРН: неверная контрольная цифра")))) | M82: =IF(TRIM(E82)="","КПП не указан",IF(LEN(E82)<>9,"КПП: должно быть 9 знаков",IF(NOT(AND(ISNUMBER(IFERROR(VALUE(LEFT(E82,4)),"x")),ISNUMBER(IFERROR(VALUE(RIGHT(E82,3)),"x")))),"КПП: неверный формат",IF(LEFT(E82,2)<>LEFT(C82,2),"КПП: код региона не совпадает с ИНН","")))) | N82: =IF(TRIM(C82)="","",IF(COUNTIF($C$2:$C$401,C82)>1,"Дубликат ИНН в реестре","")) | O82: =IF(TRIM(H82)="","Email не указан",IF(AND(ISNUMBER(FIND("@",H82)),ISNUMBER(FIND(".",H82,IFERROR(FIND("@",H82),1))),ISERROR(FIND(" ",H82)),LEFT(H82,1)<>"@",RIGHT(H82,1)<>".",LEN(H82)-LEN(SUBSTITUTE(H82,"@",""))=1),"","Email: неверный формат")) | P82: =IF(TRIM(I82)="","Телефон не указан",IF(AND(LEN(SUBSTITUTE(SUBSTITUTE(SUBSTITUTE(SUBSTITUTE(SUBSTITUTE(I82," ",""),"-",""),"(",""),")",""),"+",""))=11,OR(LEFT(SUBSTITUTE(SUBSTITUTE(SUBSTITUTE(SUBSTITUTE(SUBSTITUTE(I82," ",""),"-",""),"(",""),")",""),"+",""),1)="7",LEFT(SUBSTITUTE(SUBSTITUTE(SUBSTITUTE(SUBSTITUTE(SUBSTITUTE(I82," ",""),"-",""),"(",""),")",""),"+",""),1)="8"),ISNUMBER(IFERROR(VALUE(SUBSTITUTE(SUBSTITUTE(SUBSTITUTE(SUBSTITUTE(SUBSTITUTE(I82," ",""),"-",""),"(",""),")",""),"+","")),"x"))),"","Телефон: неверный формат")) | Q82: =TRIM(IF(TRIM(B82)="","Нет наименования. ","")&IF(TRIM(F82)="","Нет адреса. ","")&IF(TRIM(G82)="","Нет контактного лица.","")) | R82: =SUMPRODUCT(--(LEN(K82:Q82)>0)) -> 0 | S82: =IF(R82=0,"Готово к передаче","Требует исправления") -> Готово к передаче | T82: =IF(R82=0,"",_xlfn.TEXTJOIN("; ",TRUE(),K82:Q82)) | U82: =IF(R82=0,"","Здравствуйте! В данных организации «"&B82&"» обнаружены ошибки: "&T82&". Просим проверить и прислать исправленную информацию.") | V82: =IF(R82>0,COUNTIF($R$2:R82,">0"),"") | W82: =IF(R82=0,COUNTIF($R$2:R82,0),"") -> 49
